name,ID,att,def,price,floor,rarity,abilities,swings,specialType,spellIndex,spellID,charges,guilds,levelScale,damageMod,alignmentFlags,nHands,type,resistanceFlags,StrReq,IntReq,WisReq,ConReq,ChaReq,DexReq,StrMod,IntMod,WisMod,ConMod,ChaMod,DexMod,cursed,spellLvl,classRestricted
Hands,0,0,0,0,0,0,0,2,0,0,0,0,4095,0,0.5,1,2,0,0,0,0,0,0,0,0,0,0,0,0,0,0,0,0,-1
Gnarled Hands,1,-3,-3,255671,1,25,0,1,0,0,0,0,8,0,1,1,2,0,0,10,0,0,0,0,6,0,0,0,0,0,0,1,0,-1
Initiate's Hands,2,3,0,2512764,1,50,0,2,0,0,0,0,8,3,1.2,10,2,0,0,6,0,0,0,0,6,0,0,0,0,0,0,0,0,-1
Magic Hands,3,6,0,12433122,4,40,0,3,0,0,0,0,8,8,1.3,10,2,0,0,6,0,0,0,0,6,0,0,0,0,0,0,0,0,-1
Master's Hand,4,9,0,23433232,6,25,0,3,0,0,0,0,8,15,1.4,10,2,0,0,6,0,0,0,0,6,0,0,0,0,0,0,0,0,-1
Hands of Death,5,12,0,45344232,9,15,16,4,0,0,0,0,8,25,1.5,10,2,0,0,6,0,0,0,0,6,0,0,0,0,0,0,0,0,-1
Hands of Slaying,6,15,0,75899432,12,10,16,5,0,0,0,0,8,35,1.6,10,2,0,0,6,0,0,0,0,6,0,0,0,0,0,0,0,0,-1
Hands of Destruction,7,21,0,158766432,15,1,16,6,0,0,0,0,8,45,1.8,10,2,0,0,6,0,0,0,0,6,0,0,0,0,0,0,0,0,-1
Bronze Dagger,31,3,0,250,0,65,0,1,0,0,0,0,4095,0,1,1,1,1,0,4,0,0,0,0,6,0,0,0,0,0,0,0,0,0
Dagger of Stealth,356,6,3,6244356,0,0,0,2,0,0,0,0,4095,3,1.3,1,1,1,0,12,0,0,0,0,12,0,0,0,0,0,0,0,0,0
Bone Dagger,32,-3,-3,322132,1,25,0,1,0,0,0,0,4095,1,0.1,1,1,1,0,0,0,0,0,0,0,-1,-1,-1,-1,-1,-1,1,0,0
Iron Dagger,33,3,0,23377,1,50,0,1,0,0,0,0,4095,1,1.2,14,1,1,0,10,0,0,0,0,10,0,0,0,0,0,0,0,0,0
Lethe Dagger,34,6,0,3265432,2,2,0,2,0,0,0,0,4095,6,1.3,14,1,1,0,13,0,0,0,0,14,0,0,0,0,0,0,0,0,0
Steel Dagger,35,6,0,1025674,3,40,0,2,0,0,0,0,4095,6,1.3,14,1,1,0,12,0,0,0,0,15,0,0,0,0,0,0,0,0,0
Adamantite Dagger,36,9,0,4556231,5,30,0,2,0,0,0,0,4095,12,1.4,14,1,1,0,12,0,0,0,0,14,0,0,0,0,0,0,0,0,0
Mithril Dagger,37,12,0,14566431,6,20,32,3,0,0,0,0,4095,23,1.5,14,1,1,0,14,0,0,0,0,16,0,0,0,0,0,0,0,0,0
Dagger of Jagoni,264,-1,-1,456445,6,15,0,1,0,0,0,0,4095,15,1.9,1,1,1,0,0,0,0,0,0,0,-1,-1,0,0,0,-3,1,0,0
Shadow's Blade,327,15,0,28143764,7,1,32,3,0,0,0,0,216,26,1.6,12,1,1,48,0,0,0,0,0,19,0,0,0,0,0,1,0,0,-1
Sabre Blade,38,15,3,46533420,10,15,32,4,0,0,0,0,4095,32,1.6,14,1,1,0,15,16,16,16,0,18,0,0,0,0,0,0,0,0,0
Vampire Fang,39,21,0,87655432,13,10,32,4,0,0,0,0,4095,35,1.7,14,1,1,0,18,16,16,0,0,20,0,0,0,0,0,0,0,0,0
Dagger of Swiftness,40,21,9,198655744,15,1,32,5,0,0,0,0,4095,60,1.8,14,1,1,0,18,16,16,0,0,20,0,0,0,0,0,0,0,0,0
Cross of Redemption,84,-6,-3,784532,1,10,0,1,0,0,0,0,4095,2,0.1,1,1,2,0,10,16,16,0,0,15,0,0,0,0,0,0,1,0,-1
Silver Cross,85,3,3,5516133,2,5,0,2,0,0,0,0,3840,2,1.5,14,1,2,0,12,14,14,12,0,12,0,0,0,0,0,0,0,0,-1
Cross of Life,86,3,3,13237651,6,3,0,1,0,59,49,2,4095,0,1,14,1,2,0,0,7,17,9,0,10,0,0,0,0,0,0,0,90,-1
Cross of Commanding,87,6,6,12386539,7,20,0,4,0,45,37,42,3840,10,1.7,14,1,2,0,10,16,16,16,15,15,0,0,0,1,0,0,0,105,-1
Cross of Requnix,88,12,15,287566432,15,1,16,4,0,0,0,0,3840,75,2,14,2,2,0,18,20,20,14,0,20,0,0,0,0,0,0,0,0,-1
Bronze Sword,8,3,0,350,0,51,0,1,0,0,0,0,191,0,1.1,1,1,3,0,6,0,0,0,0,6,0,0,0,0,0,0,0,0,-1
Sword of the Winds,357,12,6,18566343,0,0,0,3,0,0,0,0,191,15,1.6,1,1,3,0,16,0,0,0,0,16,1,0,0,0,0,0,0,0,-1
Iron Sword,9,3,0,56598,1,50,0,1,0,0,0,0,191,2,1.3,14,1,3,0,10,0,0,0,0,10,0,0,0,0,0,0,0,0,-1
Backlash Sword,10,-3,0,544351,1,15,0,1,0,0,0,0,191,1,0.1,1,2,3,0,10,0,0,0,0,10,0,0,0,0,0,0,1,0,-1
Thief Sword,11,6,0,7232593,2,2,32,2,0,0,0,0,217,5,1.5,14,1,3,0,12,0,0,0,0,18,0,0,0,0,0,1,0,0,-1
Katana,12,6,0,8322132,2,2,16,2,0,0,0,0,8,5,1.6,10,2,3,0,13,0,14,0,0,18,0,0,0,0,0,1,0,0,-1
Cutlass,261,6,0,195677,2,45,0,1,0,0,0,0,255,5,1.3,1,1,3,0,11,0,0,0,0,12,0,0,0,0,0,0,0,0,-1
Wicked Blade,260,6,3,2766536,3,15,0,2,0,0,0,0,216,7,1.5,8,1,3,0,12,0,0,0,0,14,0,0,0,0,0,0,0,0,-1
Crystal Sword,13,6,6,3541231,4,3,0,2,0,0,0,0,191,9,1.5,14,1,3,0,14,0,0,0,0,14,0,0,0,0,0,0,0,0,-1
Steel Sword,14,6,0,1366742,4,25,0,2,0,0,0,0,191,8,1.4,14,1,3,0,12,0,0,0,0,12,0,0,0,0,0,0,0,0,-1
Dominator,15,6,6,9845672,4,1,16,2,0,0,0,0,191,15,2,14,2,3,0,16,12,12,14,0,16,0,0,0,0,0,0,0,0,-1
Adamantite Sword,16,9,3,5798677,5,30,0,2,0,0,0,0,191,15,1.5,14,1,3,0,14,0,0,0,0,14,0,0,0,0,0,0,0,0,-1
Burgens Blade,262,-9,-9,589766,5,10,0,1,0,0,0,0,255,10,1.6,1,1,3,0,0,0,0,0,0,0,-2,0,0,0,0,-2,1,0,-1
Mithril Sword,17,12,3,18965342,7,15,16,3,0,0,0,0,191,25,1.6,14,1,3,0,18,0,0,16,0,18,0,0,0,0,0,0,0,0,-1
Avenger,18,15,3,32678540,7,1,16,3,0,0,0,0,63,30,2.3,14,2,3,0,18,16,16,18,0,18,0,0,0,0,0,0,0,0,-1
Holy Sword,335,15,9,51356843,9,3,20,3,0,14,12,25,4,35,1.6,2,1,3,768,21,15,20,16,22,16,0,0,1,0,1,0,0,-1,-1
Sword of Slaying,19,15,6,45321784,11,15,16,3,0,0,0,0,191,40,1.7,14,1,3,0,18,14,14,18,0,18,0,0,0,0,0,0,0,0,-1
Vorpal Blade,284,18,12,85677546,13,2,0,7,0,0,0,0,255,50,1.5,14,1,3,0,16,16,16,0,0,21,0,0,0,0,0,1,0,0,-1
Lightning Blade,20,24,6,166745328,15,3,0,4,0,78,65,35,55,60,1.8,14,1,3,0,20,18,18,20,0,20,0,0,0,0,0,0,0,225,-1
Eliminator,21,27,9,303566432,15,1,16,4,0,0,0,0,2,80,2.6,14,2,3,0,22,18,18,20,0,22,0,0,0,0,0,0,0,0,-1
Sword of Flames,355,27,15,456455346,16,1,16,4,0,77,64,15,191,75,2.4,14,2,3,1,20,18,18,18,0,20,0,0,0,0,0,0,0,0,-1
Pine Staff,89,3,0,185,0,53,0,1,0,0,0,0,4095,0,1,1,1,4,0,8,0,0,0,0,8,0,0,0,0,0,0,0,0,-1
Oak Staff,90,3,0,12455,1,45,0,1,0,0,0,0,4095,1,1.1,14,1,4,0,10,0,0,0,0,10,0,0,0,0,0,0,0,0,-1
Gordu Staff,91,-3,0,321435,1,15,0,1,0,0,0,0,4095,1,0.1,1,1,4,0,10,0,0,0,0,10,0,0,0,0,0,0,1,0,-1
Staff of Alton,92,6,0,2763251,2,3,0,2,0,0,0,0,3840,3,1.3,14,1,4,0,12,12,12,0,0,12,0,0,0,0,0,0,0,0,-1
Iron-shod Staff,93,6,3,4265172,3,25,0,1,0,0,0,0,3975,6,1.4,14,1,4,0,14,11,0,0,0,14,0,0,0,0,0,0,0,0,-1
Staff of Striking,94,9,3,8965321,6,15,0,2,0,0,0,0,3975,10,1.5,14,1,4,0,15,12,0,0,0,15,0,0,0,0,0,0,0,0,-1
Mithril-shod Staff,95,12,3,15652341,7,5,0,3,0,0,0,0,3847,18,1.7,14,1,4,0,16,13,0,0,0,16,0,0,0,0,0,0,0,0,-1
Staff of Helarno,96,21,6,98455320,13,3,0,3,0,0,0,0,3847,40,1.8,14,1,4,0,18,15,0,0,0,18,0,0,0,0,0,0,0,0,-1
Staff of Destruction,97,21,24,256745328,15,1,0,4,0,0,0,0,3840,60,2,14,1,4,0,18,20,20,18,0,18,0,0,0,0,0,0,0,0,-1
Bronze Mace,41,3,0,325,0,45,0,1,0,0,0,0,167,0,1.1,1,1,5,0,10,0,0,0,0,10,0,0,0,0,0,0,0,0,-1
Mace of Kordul,42,-3,0,544341,1,10,0,1,0,0,0,0,4095,1,0.1,1,1,5,0,10,0,0,10,0,10,0,0,0,0,0,0,1,0,-1
Iron Mace,43,3,0,34612,2,45,0,1,0,0,0,0,167,2,1.3,14,1,5,0,12,0,0,10,0,12,0,0,0,0,0,0,0,0,-1
Steel Mace,44,6,0,1896744,4,35,0,2,0,0,0,0,167,7,1.4,14,1,5,0,16,0,0,0,0,16,0,0,0,0,0,0,0,0,-1
Adamantite Mace,45,9,0,4566756,5,25,0,2,0,0,0,0,167,15,1.6,14,1,5,0,16,0,0,0,0,16,0,0,0,0,0,0,0,0,-1
Mithril Mace,46,12,0,16877644,7,15,16,3,0,0,0,0,167,25,1.7,14,1,5,0,16,0,0,0,0,16,0,0,0,0,0,0,0,0,-1
Mace of Disruption,47,15,0,67455320,13,10,16,3,0,0,0,0,167,50,1.8,14,1,5,0,18,0,0,18,0,18,0,0,0,0,0,0,0,0,-1
Warlord's Mace,48,21,0,178677536,15,2,16,3,0,0,0,0,167,65,1.9,14,1,5,0,0,0,0,0,0,0,0,0,0,0,0,0,0,0,-1
Bronze Battle Axe,22,3,0,345,0,1,0,1,0,0,0,0,179,0,1.3,1,2,6,0,10,0,0,0,0,10,0,0,0,0,0,0,0,0,-1
Axe of the Blackguard,23,-3,0,543321,1,15,0,1,0,0,0,0,179,1,0.1,1,2,6,0,0,0,0,0,0,0,-1,-1,-1,-1,-1,-1,1,0,-1
Iron Battle Axe,24,3,0,55675,2,45,0,1,0,0,0,0,179,1,1.4,14,2,6,0,12,0,0,0,0,12,0,0,0,0,0,0,0,0,-1
Steel Battle Axe,25,6,0,1433231,4,35,0,2,0,0,0,0,179,9,1.5,14,2,6,0,14,0,0,0,0,14,0,0,0,0,0,0,0,0,-1
Delvar's War Axe,326,9,0,7614873,4,0,16,2,0,0,0,0,179,12,1.6,14,2,6,0,14,0,0,15,0,14,0,0,0,1,0,0,0,0,-1
Adamantite Battle Axe,26,9,0,5654326,5,25,0,2,0,0,0,0,179,15,1.7,14,2,6,0,14,0,0,0,0,14,0,0,0,0,0,0,0,0,-1
Lead Axe,263,-3,-9,544567,6,10,0,1,0,0,0,0,179,10,1.6,1,2,6,0,0,0,0,0,0,0,-4,0,0,0,0,-2,1,0,-1
Mithril Battle Axe,27,12,0,19655340,7,20,16,3,0,0,0,0,179,25,1.8,14,2,6,0,16,0,0,0,0,16,0,0,0,0,0,0,0,0,-1
Axe of Power,28,15,0,45344312,11,10,16,3,0,0,0,0,179,40,1.9,14,2,6,0,18,16,16,0,0,18,0,0,0,0,0,0,0,0,-1
Shadow Axe,29,21,0,124322432,15,3,80,4,0,84,69,45,179,55,1.8,14,2,6,0,20,18,18,18,0,20,0,0,0,0,0,0,0,225,-1
Barrier Battle Axe,30,21,18,278566432,15,1,16,4,0,0,0,0,179,75,2.2,14,2,6,0,22,18,18,20,0,22,0,0,0,0,0,0,0,0,-1
Iron Hammer,275,3,3,45678,1,45,0,1,0,0,0,0,167,2,1.4,14,2,7,0,13,0,0,12,0,13,0,0,0,0,0,0,0,0,-1
War Hammer,98,6,6,5672433,2,5,0,2,0,0,0,0,167,4,1.6,14,2,7,0,16,0,0,14,0,16,0,0,0,0,0,0,0,0,-1
Landria's Hammer,276,-12,-3,1244536,6,25,0,1,0,0,0,0,167,5,0.1,1,2,7,0,0,0,0,0,0,0,-2,0,0,0,0,-2,1,0,-1
Dwarven Hammer,293,9,9,12433565,7,30,0,3,0,0,0,0,167,30,2,14,2,7,0,18,12,12,16,10,18,1,0,0,0,0,0,0,0,-1
Giant King's Hammer,330,18,0,103548341,10,0,16,1,0,0,0,0,167,38,2.5,14,2,7,0,22,15,15,22,8,19,2,0,0,0,0,0,0,0,-1
Hammer of Flames,99,12,12,35127840,12,15,0,3,0,64,53,30,167,40,1.7,14,2,7,0,19,16,16,19,8,19,1,0,0,0,0,0,0,180,-1
Hammer of O'landra,100,18,18,243544336,15,1,0,3,0,0,0,0,167,50,2,14,2,7,0,20,0,0,18,0,18,2,0,0,0,0,0,0,0,-1
Leather Armor,49,0,3,125,0,1,0,0,0,0,0,0,4095,0,1,1,0,8,0,3,0,0,0,0,5,0,0,0,0,0,0,0,0,-1
Padded Leather Armor,50,0,6,367455,1,40,0,0,0,0,0,0,4095,1,1,14,0,8,0,10,0,0,0,0,10,0,0,0,0,0,0,0,0,-1
Feather Leather Armor,256,0,-9,512456,1,10,0,0,0,0,0,0,4095,1,1,1,0,8,0,6,0,0,0,0,3,0,0,0,0,0,-1,1,0,-1
Suede Leather Armor,51,0,9,567344,2,35,0,0,0,0,0,0,4095,5,1.4,14,0,8,0,10,0,0,0,0,10,0,0,0,0,0,0,0,0,-1
Studded Leather Armor,52,0,12,3455321,3,27,0,0,0,0,0,0,4095,10,1.6,14,0,8,0,12,0,0,0,0,12,0,0,0,0,0,0,0,0,-1
Cuirboulli Armor,53,0,15,6544341,7,20,0,0,0,0,0,0,4095,20,2.1,14,0,8,0,14,0,0,0,0,14,0,0,0,0,0,0,0,0,-1
Studded Cuirboulli,54,0,18,8345623,9,10,0,0,0,0,0,0,4095,30,2.3,14,0,8,0,16,0,0,12,0,16,0,0,0,0,0,0,0,0,-1
Thief's Armor,55,0,33,234544320,15,1,0,0,0,0,0,0,192,60,2.9,14,0,8,0,6,6,0,9,0,10,0,0,0,0,0,0,0,0,-1
Ninja's Armor,56,0,24,198566432,15,1,0,0,0,0,0,0,4095,60,2.9,14,0,8,0,8,0,0,8,0,10,0,0,0,0,0,0,0,0,-1
Magician's Armor,57,0,45,206566432,15,1,0,0,0,0,0,0,3840,60,2.9,14,0,8,0,10,10,0,10,0,10,0,0,0,0,0,0,0,0,-1
Bronze Chain Mail,58,0,9,18325,0,54,0,0,0,0,0,0,183,0,1.00259,1,0,9,0,10,0,0,0,0,10,0,0,0,0,0,-1,0,0,-1
Iron Chain Mail,59,0,15,506433,1,50,0,0,0,0,0,0,183,5,1.4,14,0,9,0,12,0,0,0,0,12,0,0,0,0,0,-1,0,0,-1
Black Chain Mail,60,0,-9,1544321,1,15,0,0,0,0,0,0,183,3,1.2,1,0,9,0,0,0,0,0,0,0,0,0,0,0,0,-2,1,0,-1
Steel Chain Mail,61,0,18,3455645,3,35,0,0,0,0,0,0,183,10,1.6,14,0,9,0,14,0,0,0,0,14,0,0,0,0,0,-1,0,0,-1
Adamantite Chain,62,0,21,8235123,5,25,0,0,0,0,0,0,183,23,2.1,14,0,9,0,15,6,0,6,0,15,0,0,0,0,0,-1,0,0,-1
Burgens Chain Armor,265,-1,-9,1244565,6,5,0,0,0,0,0,0,183,15,1.9,1,0,9,0,0,0,0,0,0,0,-4,0,0,0,0,-4,1,0,-1
Mithril Chain Mail,63,0,24,19455320,7,15,0,0,0,0,0,0,183,35,2.5,14,0,9,0,16,6,0,6,0,16,0,0,0,0,0,-1,0,0,-1
Spectral Chain Mail,64,0,27,78455640,11,2,0,0,0,0,0,0,183,50,2.7,14,0,9,0,9,6,0,9,0,6,0,0,0,0,0,-1,0,0,-1
Bronze Plate Mail,65,6,9,21825,0,1,0,0,0,0,0,0,39,0,1,1,0,10,0,10,0,0,0,0,10,0,0,0,0,0,-2,0,0,-1
Ulsik Plate Mail,66,-3,-9,2455341,1,15,0,0,0,0,0,0,39,0,1,1,0,10,0,12,9,0,12,0,9,0,0,0,0,0,-3,1,0,-1
Iron Plate Mail,67,6,15,1567433,2,40,0,0,0,0,0,0,39,5,1.4,14,0,10,0,12,0,0,0,0,12,0,0,0,0,0,-2,0,0,-1
Steel Plate Mail,68,9,15,8677435,4,25,0,0,0,0,0,0,39,10,1.6,14,0,10,0,14,0,0,0,0,14,0,0,0,0,0,-2,0,0,-1
Adamantite Plate,69,12,18,12543212,6,15,0,0,0,0,0,0,39,23,2.1,14,0,10,0,16,9,0,12,0,16,0,0,0,0,0,-2,0,0,-1
Mithril Plate Armor,70,15,21,25677432,9,5,0,0,0,0,0,0,39,35,2.5,14,0,10,0,18,9,0,12,0,18,0,0,0,0,0,-2,0,0,-1
Spectral Plate Armor,71,18,24,48344320,13,2,0,0,0,0,0,0,39,50,2.7,14,0,10,0,18,9,0,12,0,18,0,0,0,0,0,-2,0,0,-1
Warrior's Armor,72,21,30,256433232,15,1,0,0,0,0,0,0,3,75,3.1,14,0,10,0,20,9,0,18,0,20,0,0,0,0,0,-2,0,0,-1
Paladin's Armor,73,6,33,287455328,15,1,0,0,0,0,0,0,39,70,3,14,0,10,0,14,6,0,9,0,14,0,0,0,0,0,-2,0,0,-1
Wooden Shield,164,0,3,215,0,1,0,0,0,0,0,0,183,0,1,1,1,11,0,10,0,0,0,0,10,0,0,0,0,0,0,0,0,-1
Bronze Shield,165,0,6,13532,0,40,0,0,0,0,0,0,183,1,1,1,1,11,0,10,0,0,0,0,10,0,0,0,0,0,0,0,0,-1
Iron Shield,166,0,9,325456,2,30,0,0,0,0,0,0,183,5,1.4,14,1,11,0,14,0,0,0,0,13,0,0,0,0,0,0,0,0,-1
Steel Shield,167,0,12,1322453,3,20,0,0,0,0,0,0,183,10,1.6,14,1,11,0,16,0,0,0,0,15,0,0,0,0,0,0,0,0,-1
Lead Shield,272,-9,-9,567243,4,10,0,0,0,0,0,0,183,10,1.6,1,1,11,0,14,0,0,0,0,14,-2,0,0,0,0,-3,1,0,-1
Bladed Shield,168,9,6,3876543,5,15,0,0,0,0,0,0,183,15,1.9,14,1,11,0,18,18,0,9,0,18,0,0,0,0,0,0,0,0,-1
Adamantite Shield,169,0,15,9654321,5,10,0,0,0,0,0,0,183,20,2.1,14,1,11,0,18,18,0,9,0,18,0,0,0,0,0,0,0,0,-1
Shield of Defense,328,0,18,18345371,7,1,4,0,0,0,0,0,183,30,2.5,14,1,11,4,19,19,0,9,0,19,0,0,0,0,0,0,0,0,-1
Mystic Shield,329,0,9,17349712,7,1,4,0,0,0,0,0,3840,30,1.5,14,1,11,64,16,20,16,9,16,15,0,0,0,0,0,0,0,50,-1
Mithril Shield,170,3,18,14567831,8,5,0,0,0,0,0,0,183,35,2.5,14,1,11,0,20,20,0,9,0,20,0,0,0,0,0,0,0,0,-1
Spectral Shield,171,6,21,56344232,14,2,0,0,0,0,0,0,183,45,2.7,14,1,11,0,22,21,0,9,0,22,0,0,0,0,0,0,0,0,-1
Leather Cap,317,0,3,75,0,30,0,0,0,0,0,0,4095,0,1,1,0,12,0,0,0,0,0,0,0,0,0,0,0,0,0,0,0,-1
Padded Leather Cap,350,0,6,21437,2,30,0,0,0,0,0,0,4095,2,1.2,1,0,12,0,0,0,0,0,0,0,0,0,0,0,0,0,0,0,-1
Cap of Defense,322,0,6,566434,3,30,4,0,0,0,0,0,4095,4,1.4,14,0,12,0,0,0,0,0,0,0,0,0,0,0,0,0,0,0,-1
Magician's Cap,318,0,6,2455647,5,5,0,0,0,20,18,10,3840,12,1.9,14,0,12,0,0,16,16,0,0,0,0,2,0,0,0,0,0,75,-1
Cap of Visions,323,-3,-6,2144323,5,15,0,0,0,0,0,0,4095,1,0,1,0,12,0,0,0,0,0,0,0,0,0,0,0,0,0,1,0,-1
Thief's Cap,319,0,6,5466567,6,5,0,0,0,1,0,5,209,18,1.9,14,0,12,0,0,12,0,0,0,18,0,1,0,0,0,1,0,90,-1
Cap of Protection,320,0,9,8566476,8,25,4,0,0,0,0,0,4095,22,2.3,14,0,12,0,0,12,12,0,0,12,0,0,0,0,0,0,0,0,-1
Cap of Death,321,3,12,45644565,12,2,4,0,0,83,68,5,4095,27,2.8,14,0,12,0,12,18,18,16,0,15,0,0,0,0,0,0,0,180,-1
Lamurian Crown,349,9,18,234716942,16,0,0,0,0,98,86,10,4095,61,3.1,4,0,12,0,20,23,23,20,20,20,0,2,2,0,0,0,0,225,-1
Copper Helm,74,0,3,75,0,30,0,0,0,0,0,0,183,0,1,1,0,13,0,2,0,0,0,0,3,0,0,0,0,0,0,0,0,-1
Bronze Helmet,75,0,6,12435,0,41,0,0,0,0,0,0,183,1,1,1,0,13,0,9,0,0,0,0,8,0,0,0,0,0,0,0,0,-1
Iron Helmet,76,0,6,89456,2,50,0,0,0,0,0,0,183,3,1.2,14,0,13,0,10,0,0,0,0,10,0,1,0,0,0,0,0,0,-1
Steel Helmet,77,0,9,873232,3,35,0,0,0,0,0,0,183,7,1.5,14,0,13,0,12,0,0,0,0,12,0,1,0,0,0,0,0,0,-1
Helm of Blindness,266,-6,-8,455432,4,10,0,0,0,0,0,0,183,8,1.5,1,0,13,0,0,0,0,0,0,0,0,-2,-2,0,0,0,1,0,-1
Helm of Astral Projection,78,0,3,5213451,5,2,0,0,0,80,66,10,4095,10,1.6,14,0,13,0,14,16,16,0,0,14,0,0,0,0,0,0,0,75,-1
Adamantite Helmet,79,0,12,3265428,5,15,8,0,0,0,0,0,183,15,1.9,14,0,13,0,12,0,0,0,0,12,0,1,0,0,0,0,0,0,-1
Helm of Ish'taria,287,-9,-9,2455465,5,5,0,0,0,0,0,0,183,12,1.9,1,0,13,0,0,0,0,0,0,0,0,2,0,0,0,0,1,0,-1
Helm of Sight,80,0,6,10326543,6,15,8,0,0,0,0,0,4095,17,1.9,14,0,13,0,0,0,0,0,0,0,0,1,1,0,0,0,0,0,-1
Paladin's Helm,285,6,12,9445640,6,5,0,0,0,0,0,0,4,18,1.9,2,0,13,0,0,0,0,0,0,0,0,0,0,0,0,0,0,0,-1
Mithril Helmet,81,3,18,27154298,7,10,8,0,0,0,0,0,183,25,2.2,14,0,13,0,0,0,0,0,0,0,0,1,1,0,0,0,0,0,-1
Ninja's Hood,286,3,9,12544654,7,5,0,0,0,0,0,0,8,25,2.2,10,0,13,0,0,0,0,0,0,0,0,0,0,0,0,0,0,0,-1
Magician's Helm,288,3,9,18566576,9,15,0,0,0,0,0,0,3840,28,2.3,14,0,13,0,0,18,18,0,0,0,0,1,1,0,0,0,0,0,-1
Helm of Knowledge,82,6,6,89566432,12,2,8,0,0,0,0,0,4095,40,2.6,14,0,13,0,14,18,18,16,0,16,0,3,3,0,0,0,0,0,-1
Helm of Brilliance,83,12,24,128455328,14,2,8,0,0,78,65,40,183,55,2.8,14,0,13,0,18,18,18,16,0,18,0,1,1,0,0,0,0,210,-1
Leather Gloves,106,3,0,125,0,1,0,0,0,0,0,0,4095,0,1,1,0,14,0,8,0,0,0,0,8,0,0,0,0,0,0,0,0,-1
Gloves of the Blackguard,107,-15,0,543267,1,10,0,0,0,0,0,0,4095,1,1,1,0,14,0,0,0,0,0,0,0,-3,0,0,0,-3,-3,1,0,-1
Nugena Gloves,257,6,0,566435,1,30,0,0,0,0,0,0,4095,2,1.1,1,0,14,0,10,0,0,0,0,10,0,0,0,0,0,0,0,0,-1
Gloves of Strength,108,6,0,1455376,2,25,0,0,0,0,0,0,4095,5,1.4,14,0,14,0,12,0,0,0,0,12,1,0,0,0,0,0,0,0,-1
Thief's Gloves,282,6,0,4566756,3,5,0,0,0,0,0,0,208,12,1.7,4,0,14,0,5,8,0,0,0,12,0,0,0,0,0,2,0,0,-1
Master's Gloves,283,9,0,7566456,6,20,0,0,0,0,0,0,4095,20,2.1,14,0,14,0,0,0,0,0,0,0,2,0,0,0,0,0,0,0,-1
Gloves of Might,109,12,0,9224311,9,20,0,0,0,0,0,0,4095,30,2.3,14,0,14,0,15,0,0,0,0,15,2,0,0,0,0,0,0,0,-1
Gloves of Power,110,18,0,23433240,11,10,0,0,0,0,0,0,4095,40,2.6,14,0,14,0,18,0,0,0,0,18,2,0,0,0,0,1,0,0,-1
Gloves of Doom,111,12,12,56743876,14,7,0,0,0,49,41,20,4095,45,2.7,14,0,14,0,18,20,20,18,15,20,1,1,1,0,0,1,0,210,-1
Gloves of Death,112,27,0,198455344,15,10,0,0,0,0,0,0,4095,50,2.7,14,0,14,0,20,0,0,0,0,20,2,0,0,0,0,1,0,0,-1
Gloves of Light,113,33,0,287566336,15,1,0,0,0,84,69,40,4095,65,3,14,0,14,0,21,21,21,18,15,21,2,1,1,0,0,1,0,225,-1
Lethal Gauntlets,358,12,3,18544657,0,0,0,0,0,0,0,0,183,15,1.2,1,0,15,0,12,0,0,0,0,12,1,0,0,0,0,1,0,0,-1
Nugena Gauntlets,258,3,3,543522,1,50,0,0,0,0,0,0,183,2,1.1,1,0,15,0,10,0,0,0,0,10,0,0,0,0,0,0,0,0,-1
Gauntlets of Fumbling,289,-9,-3,245344,1,15,0,0,0,0,0,0,183,1,1.1,1,0,15,0,0,0,0,0,0,0,0,0,0,0,0,0,1,0,-1
Iron Gauntlets,114,3,3,956328,2,45,0,0,0,0,0,0,183,3,1.2,14,0,15,0,12,0,0,0,0,12,1,0,0,0,0,0,0,0,-1
Steel Gauntlets,115,6,3,1786451,3,35,0,0,0,0,0,0,183,7,1.5,14,0,15,0,14,0,0,0,0,14,1,0,0,0,0,0,0,0,-1
Nymphlets,268,-9,-9,544567,5,10,0,0,0,0,0,0,183,10,1.6,1,0,15,0,0,0,0,0,0,0,-2,-1,0,-2,0,0,1,0,-1
Gauntlets of Might,116,6,3,8453432,6,25,0,0,0,0,0,0,183,16,1.9,14,0,15,0,16,6,0,0,0,16,2,0,0,0,0,0,0,0,-1
Gauntlets of Power,117,9,3,18433240,8,15,0,0,0,0,0,0,183,25,2.2,14,0,15,0,16,6,0,0,0,16,2,0,0,0,0,0,0,0,-1
Mithril Gauntlets,118,12,3,25644392,10,10,0,0,0,0,0,0,183,30,2.3,14,0,15,0,6,6,0,0,0,0,3,0,0,0,0,0,0,0,-1
Gauntlets of Slaying,119,15,6,54633432,13,5,0,0,0,0,0,0,183,40,2.6,14,0,15,0,18,6,0,0,0,18,3,0,0,0,0,0,0,0,-1
White Flame Gauntlets,120,21,15,102564784,14,1,0,0,0,76,63,75,183,50,2.7,14,0,15,0,19,14,14,16,0,18,3,0,0,0,0,0,0,210,-1
Cloth Cloak,121,0,3,115,0,1,0,0,0,0,0,0,4095,0,1,1,0,16,0,5,0,0,0,0,5,0,0,0,0,0,0,0,0,-1
Cloak of Night,359,6,6,8544654,0,0,2,0,0,53,45,5,4095,6,1.6,1,0,16,0,0,12,12,0,0,12,0,0,0,0,0,2,0,0,0
Brown Cloak,122,0,6,145327,1,50,0,0,0,0,0,0,4095,2,1.1,14,0,16,0,10,0,0,0,0,10,0,0,0,0,0,0,0,0,-1
Robe of Insight,123,0,6,289654,1,10,0,0,0,0,0,0,4095,2,1.1,14,0,16,0,0,0,10,0,0,0,0,0,2,0,0,0,0,0,-1
Robe of Remorse,124,-6,-3,432567,1,10,0,0,0,0,0,0,4095,1,1,1,0,16,0,0,0,0,0,0,0,0,0,0,0,0,-2,1,0,-1
White Cloak,125,0,6,899431,3,40,0,0,0,0,0,0,4095,5,1.4,14,0,16,512,0,0,0,0,0,0,0,0,0,0,0,0,0,0,-1
Cloak of Invisibility,126,3,6,1568721,5,5,2,0,0,0,0,0,4095,10,1.6,14,0,16,0,0,0,0,0,0,0,0,0,0,0,0,0,0,0,-1
Black Cloak,127,0,9,1896543,6,30,0,0,0,0,0,0,4095,10,1.6,14,0,16,512,0,0,0,0,0,0,0,0,0,0,0,0,0,0,-1
Cloak of the Snakes,269,-3,0,577687,6,10,0,0,0,0,0,0,4095,9,1.6,1,0,16,0,0,0,0,0,0,0,0,-1,0,-1,0,0,1,0,-1
Grey Cloak,128,0,12,3789123,8,20,0,0,0,0,0,0,4095,15,1.9,14,0,16,512,0,0,0,0,0,0,0,0,0,0,0,0,0,0,-1
Silver Cloak,129,0,15,11231431,11,10,0,0,0,0,0,0,4095,20,2.1,14,0,16,512,0,0,0,0,0,0,0,0,0,0,0,1,0,0,-1
Grey Elven Robe,130,0,21,78455312,14,5,0,0,0,0,0,0,4095,25,2.2,14,0,16,512,0,0,0,0,0,0,0,0,0,0,0,2,0,0,-1
Cloak of Enchantment,131,0,27,102453672,15,1,0,0,0,0,0,0,4095,30,2.3,14,0,16,512,0,0,0,0,0,0,0,0,0,0,0,2,0,0,-1
Bronze Bracers,138,3,0,56437,1,1,0,0,0,0,0,0,4095,0,1,14,0,17,0,10,0,0,0,0,10,0,0,0,0,0,0,0,0,-1
Iron Bracers,139,3,3,145343,2,40,0,0,0,0,0,0,4095,3,1.2,14,0,17,0,12,0,0,0,0,12,1,0,0,0,0,0,0,0,-1
Steel Bracers,140,6,3,1233213,3,20,0,0,0,0,0,0,4095,7,1.5,14,0,17,0,14,0,0,0,0,14,1,0,0,0,0,0,0,0,-1
Twisted Bracers,325,3,9,5379617,3,0,0,0,0,67,54,2,4095,4,2,14,0,17,1,0,0,0,0,0,0,0,0,0,0,2,0,0,42,-1
Lead Bracers,270,-5,-8,456786,4,10,0,0,0,0,0,0,4095,4,1.5,14,0,17,0,0,0,0,0,0,0,-3,0,0,0,0,0,1,0,-1
Bracers of Strength,141,6,3,2786512,6,15,0,0,0,0,0,0,4095,15,1.9,14,0,17,0,0,0,0,0,0,0,2,0,0,0,0,0,0,0,-1
Elven Bracers,281,9,6,7556456,9,10,0,0,0,0,0,0,4095,25,2.2,14,0,17,0,0,0,0,0,0,0,1,0,0,0,0,1,0,0,-1
Bracers of Might,142,12,6,12433412,11,7,0,0,0,0,0,0,4095,35,2.5,14,0,17,0,0,0,0,0,0,0,3,0,0,0,0,0,0,0,-1
Bracers of Destruction,143,18,9,16543123,15,1,0,0,0,0,0,0,4095,60,2.9,14,0,17,0,0,0,0,0,0,0,3,0,0,0,0,0,0,0,-1
Dorlan's Sash,361,0,3,1544657,0,0,0,0,0,0,0,0,4095,1,0,1,0,18,0,0,0,0,0,0,0,0,0,0,0,0,0,0,0,0
White Sash,144,0,3,1,2,50,0,0,0,53,45,25,4095,5,1.4,14,0,18,0,12,10,10,12,10,12,0,0,0,0,0,0,1,30,-1
Purple Sash,145,3,3,1,6,30,0,0,0,67,54,75,4095,10,1.6,14,0,18,0,0,0,0,0,0,0,0,0,0,0,0,0,1,90,-1
Static Sash,146,3,6,1,9,20,0,0,0,61,51,50,4095,15,1.9,14,0,18,0,0,0,0,0,0,0,0,0,0,0,0,0,1,135,-1
Magenta Sash,280,6,9,1,11,10,0,0,0,76,63,50,4095,20,2.1,14,0,18,0,0,0,0,0,0,0,0,0,0,0,0,0,1,165,-1
Gold Sash,147,6,12,1,14,2,0,0,0,60,50,75,4095,25,2.2,14,0,18,0,0,0,0,0,0,0,0,0,0,0,0,0,1,210,-1
Leather Girdle,101,3,0,12498,1,43,0,0,0,0,0,0,4095,0,1,14,0,19,0,0,0,0,0,0,0,0,0,0,0,0,0,0,0,-1
Girdle of Strength,102,6,0,875432,2,50,0,0,0,0,0,0,4095,5,1.4,14,0,19,0,12,0,0,0,0,12,1,0,0,0,0,0,0,0,-1
Trolls Girdle,267,-4,-8,244564,5,20,0,0,0,0,0,0,4095,10,1.6,1,0,19,0,0,0,0,0,0,0,0,0,0,0,0,0,1,0,0
Girdle of Might,103,9,0,5432431,6,35,0,0,0,0,0,0,4095,15,1.9,14,0,19,0,0,0,0,0,0,0,2,0,0,0,0,0,0,0,-1
Girdle of Power,104,12,0,14367843,10,15,0,0,0,0,0,0,4095,25,2.2,14,0,19,0,0,0,0,0,0,0,2,0,0,0,0,0,0,0,-1
Girdle of Giant Strength,105,18,0,123433296,14,1,0,0,0,0,0,0,4095,30,2.3,14,0,19,0,0,0,0,0,0,0,3,0,0,0,0,2,0,0,-1
Leather Boots,132,3,0,175,0,1,0,0,0,0,0,0,4095,0,1,1,0,20,0,3,0,0,0,0,3,0,0,0,0,0,0,0,0,-1
Boots of Lethargy,133,-3,-3,453437,1,15,0,0,0,0,0,0,4095,1,1,1,0,20,0,0,0,0,0,0,0,-1,-1,-1,-1,-1,-1,1,0,-1
Boots of Swiftness,134,3,3,567321,2,40,0,0,0,0,0,0,4095,1,1,14,0,20,0,10,0,0,0,0,12,0,0,0,0,0,1,0,0,-1
Boots of Evading,135,6,3,2431897,5,20,0,0,0,0,0,0,4095,5,1.4,14,0,20,0,12,0,0,0,0,14,0,0,0,0,0,1,0,0,-1
Boots of Stealth,136,9,3,4974310,7,10,0,0,0,0,0,0,4095,10,1.6,14,0,20,0,0,0,0,0,0,0,0,0,0,0,0,1,0,0,-1
Boots of Levitation,277,9,3,9567876,9,30,1,0,0,19,17,35,4095,15,1.9,14,0,20,0,0,0,0,0,0,0,0,0,0,0,0,1,0,135,-1
Boots of Agility,278,9,3,18766576,11,30,1,0,0,19,17,35,4095,20,2.1,14,0,20,0,0,0,0,0,0,0,0,0,0,0,0,2,0,165,-1
Boots of the Elven Lords,137,15,9,98455344,14,2,1,0,0,74,61,35,4095,25,2.2,14,0,20,0,0,0,0,0,0,0,0,0,0,0,0,3,0,210,-1
Ring of Power,360,3,0,25466576,0,0,0,0,0,44,36,5,4095,8,1.5,1,0,21,0,12,16,16,12,0,12,0,0,0,0,0,0,0,25,0
Shimmering Ring,148,0,3,122431,1,43,0,0,0,0,0,0,4095,1,1,14,0,21,0,10,8,8,0,0,3,0,0,0,0,0,0,0,0,-1
Ring of Despair,149,-1,-1,745344,1,30,0,0,0,0,0,0,4095,2,0.1,1,0,21,0,0,0,0,0,0,0,-1,-1,-1,-1,-1,-1,1,0,0
Ring of Venom,298,3,3,3344567,3,2,0,0,0,0,0,0,4095,8,1.3,14,0,21,32,0,0,0,12,0,0,0,0,0,0,0,0,0,0,0
Ring of Protection,150,0,3,1244312,5,20,4,0,0,0,0,0,4095,10,1.6,14,0,21,0,0,0,0,0,0,0,0,0,0,0,0,0,0,0,0
Ring of Levitation,151,0,3,12455341,6,10,4,0,0,19,17,35,4095,10,1.6,14,0,21,0,0,20,20,18,0,0,0,0,0,0,0,0,0,90,0
Ring of Opening,152,0,3,35123872,6,1,4,0,0,1,0,35,4095,10,1.6,14,0,21,0,0,20,20,18,0,0,0,0,0,0,0,0,0,90,0
Elven Ring,153,0,3,36138656,6,1,4,0,0,33,29,35,4095,10,1.6,1,0,21,0,0,10,10,15,0,0,0,0,0,0,0,0,0,150,0
Ring of Disruption,154,0,3,26541234,6,5,4,0,0,54,46,35,4095,10,1.6,14,0,21,0,0,20,20,18,0,0,0,0,0,0,0,0,0,90,0
Ring of Entrapment,155,0,3,24278512,6,2,4,0,0,88,70,35,4095,10,1.69573,14,0,21,0,0,20,20,18,0,0,0,0,0,0,0,0,0,90,0
Ring of Flames,156,0,3,26742356,6,5,4,0,0,64,53,35,4095,10,1.6,14,0,21,0,0,20,20,18,0,0,0,0,0,0,0,0,0,90,0
Ring of Frost,157,0,3,27654112,6,5,4,0,0,75,62,35,4095,10,1.6,14,0,21,0,0,20,20,18,0,0,0,0,0,0,0,0,0,90,0
Ring of Invisibility,158,0,3,25578924,6,8,4,0,0,17,15,50,4095,10,1.6,14,0,21,0,0,20,20,18,0,0,0,0,0,0,0,0,0,90,0
Ring of Teleportation,159,0,3,32765424,6,2,4,0,0,80,66,35,4095,10,1.6,14,0,21,0,0,20,20,18,0,0,0,0,0,0,0,0,0,90,0
Ring of Death,160,0,3,4533431,6,1,4,0,0,83,68,5,4095,10,1.6,14,0,21,0,0,16,16,14,0,0,0,0,0,0,0,0,0,90,0
Ring of Myrrn,271,-3,-3,876588,6,20,0,0,0,0,0,0,4095,12,1.7,1,0,21,0,0,0,0,0,0,0,0,-1,-1,0,0,0,1,0,0
Ring of Defending,279,0,6,5344567,7,30,4,0,0,0,0,0,4095,10,1.6,14,0,21,0,0,0,0,0,0,0,0,0,0,0,0,0,0,0,0
Lamurian Ring,161,0,9,8566453,9,10,4,0,0,0,0,0,4095,12,1.7,14,0,21,0,0,0,0,0,0,0,0,0,0,0,0,0,0,0,0
Ring of Truth,162,0,12,12566341,11,10,4,0,0,0,0,0,4095,18,2,14,0,21,0,0,18,18,16,0,0,0,0,1,0,0,0,0,0,0
Ring of Splendour,163,0,18,98455320,12,2,4,0,0,0,0,0,4095,25,2.2,14,0,21,0,0,20,20,18,0,0,0,0,1,0,1,0,0,0,0
Amulet of Ultravision,230,0,0,356322,1,35,8,0,0,0,0,0,4095,0,1,1,0,22,0,0,10,10,0,0,0,0,0,0,0,0,0,0,0,0
Amulet of Life,231,0,0,102512,3,34,0,0,0,0,0,0,4095,5,1.4,1,0,22,512,0,12,12,0,0,0,0,0,0,0,0,0,0,0,0
Amulet of Flames,232,0,0,2763981,4,10,0,0,0,0,0,0,4095,10,1.6,1,0,22,1,0,0,0,0,0,0,0,0,0,0,1,0,0,0,0
Amulet of the Drakul,274,-6,-3,677897,5,10,0,0,0,0,0,0,4095,1,1,1,0,22,0,0,0,0,0,0,0,-2,-2,-1,0,-1,0,1,0,-1
Amulet of Infravision,233,0,3,7895432,6,10,8,0,0,0,0,0,4095,15,1.9,1,0,22,0,0,18,12,0,0,0,0,0,0,1,0,0,0,0,0
Medallion of Dragons,234,3,3,12765442,11,10,0,0,0,67,54,25,4095,31,2.4,1,0,22,1,0,0,0,0,0,0,0,0,0,0,2,0,0,165,0
Lamurian Amulet,347,3,6,28766567,14,5,4,0,0,0,0,0,4095,45,2.5,1,0,22,4,18,0,0,18,0,18,0,0,0,1,0,0,0,0,0
Pendragon,235,6,6,116435672,15,1,0,0,0,67,54,40,4095,75,3.1,1,0,22,1,0,22,22,12,22,0,0,0,0,0,3,0,0,225,0
Potion of Intelligence,172,0,0,3216431,1,12,0,0,1,0,0,1,4095,0,1,14,0,23,0,0,0,0,0,0,0,0,1,0,0,0,0,0,0,0
Potion of Leadership,173,0,0,3216431,1,12,0,0,1,0,0,1,4095,0,1,14,0,23,0,0,0,0,0,0,0,0,0,0,0,1,0,0,0,0
Potion of Insight,174,0,0,3216431,1,12,0,0,1,0,0,1,4095,0,1.00259,14,0,23,0,0,0,0,0,0,0,0,0,1,0,0,0,0,0,0
Potion of Might,175,0,0,3215431,1,18,0,0,1,0,0,1,4095,0,1,14,0,23,0,0,0,0,0,0,0,1,0,0,0,0,0,0,0,0
Potion of Fitness,176,0,0,3216431,1,8,0,0,1,0,0,1,4095,0,1,14,0,23,0,0,0,0,0,0,0,0,0,0,1,0,0,0,0,0
Potion of Agility,177,0,0,3216431,1,18,0,0,1,0,0,1,4095,0,1,14,0,23,0,0,0,0,0,0,0,0,0,0,0,0,1,0,0,0
Potion of Invisibility,178,0,0,324561,1,20,0,0,0,17,15,2,4095,0,1,1,0,23,0,0,0,0,0,0,0,0,0,0,0,0,0,0,15,0
Potion of Sight,179,0,0,135433,1,40,0,0,0,18,16,3,4095,0,1.00259,1,0,23,0,0,0,0,0,0,0,0,0,0,0,0,0,0,15,0
Elven Potion,180,0,0,231788,1,21,0,0,0,41,34,2,4095,0,1,1,0,23,0,0,0,0,0,0,0,0,0,0,0,0,0,0,15,0
Dragon's Water,181,0,0,93211,1,35,0,0,0,23,21,3,4095,0,1,1,0,23,0,0,0,0,0,0,0,0,0,0,0,0,0,0,15,0
Potion of Health,182,0,0,125543,1,30,0,0,0,39,33,3,4095,0,1.00259,1,0,23,0,0,0,0,0,0,0,0,0,0,0,0,0,0,15,0
Potion of Curing,183,0,0,135432,1,30,0,0,0,21,19,3,4095,0,1.00259,1,0,23,0,0,0,0,0,0,0,0,0,0,0,0,0,0,15,0
Potion of Healing,184,0,0,139531,1,35,0,0,0,14,12,3,4095,0,1,1,0,23,0,0,0,0,0,0,0,0,0,0,0,0,0,0,15,0
Potion of Flight,185,0,0,233221,1,23,0,0,0,19,17,3,4095,0,1,1,0,23,0,0,0,0,0,0,0,0,0,0,0,0,0,0,15,0
Potion of Movement,186,0,0,156211,1,25,0,0,0,29,26,3,4095,0,1,1,0,23,0,0,0,0,0,0,0,0,0,0,0,0,0,0,15,0
Potion of Netamu,187,0,0,323213,1,18,0,0,0,92,81,3,4095,0,1.00259,1,0,23,0,0,0,0,0,0,0,0,0,0,0,0,0,0,15,0
Potion of Nevamu,188,0,0,355672,1,18,0,0,0,93,82,3,4095,0,1,1,0,23,0,0,0,0,0,0,0,0,0,0,0,0,0,0,15,0
Potion of Nesamu,189,0,0,355672,1,18,0,0,0,94,83,3,4095,0,1,1,0,23,0,0,0,0,0,0,0,0,0,0,0,0,0,0,15,0
Potion of Negamu,190,0,0,345634,1,18,0,0,0,40,79,3,4095,1,1.0979,1,0,23,0,0,0,0,0,0,0,0,0,0,0,0,0,0,15,0
Potion of Nemamu,191,0,0,345645,1,18,0,0,0,24,22,3,4095,1,1,1,0,23,0,0,0,0,0,0,0,0,0,0,0,0,0,0,15,0
Potion of Youth,255,0,0,1567455,1,10,0,0,13,0,0,1,4095,1,1,1,0,23,0,0,0,0,0,0,0,0,0,0,-1,0,0,0,0,0
Aard of Being,292,0,0,15466576,3,15,0,0,1,0,0,1,4095,1,1.5,14,0,23,0,0,0,0,0,0,0,1,1,1,1,1,1,0,0,0
Elixr of Restoration,296,0,0,2455647,5,15,0,0,0,60,50,1,4095,1,1.7,1,0,23,0,0,0,0,0,0,0,0,0,0,0,0,0,0,255,0
Elixr of Fate,354,0,0,3223435,8,4,0,0,0,100,94,1,4095,8,1.8,1,0,23,0,0,0,0,0,0,0,0,0,0,0,0,0,0,50,0
Dragon's Blood,192,0,0,188456384,11,2,0,0,14,0,0,1,4095,25,2.2,1,0,23,0,0,0,0,20,0,0,0,0,0,0,0,0,0,0,0
Elven Wine,353,0,0,1500,11,15,0,0,1,0,0,1,4095,1,2.1,1,0,23,0,0,0,0,0,0,0,0,0,0,0,0,-2,0,0,0
Scroll of Spells,197,0,0,1192455,1,25,0,0,11,0,0,1,4095,2,1.1,14,0,24,0,0,14,14,0,0,0,0,0,0,0,0,0,0,0,0
Scroll of Negrun,198,0,0,482532,1,12,0,0,0,48,40,4,4095,2,1.1,1,0,24,0,8,12,12,12,10,10,0,0,0,0,0,0,0,-1,0
Scroll of Sumsae,199,0,0,252532,1,12,0,0,0,46,38,4,4095,2,1.1,1,0,24,0,0,13,13,0,0,0,0,0,0,0,0,0,0,-1,0
Scroll of Ketran,200,0,0,782458,1,12,0,0,0,67,54,4,4095,2,1.18491,1,0,24,0,10,13,13,0,12,0,0,0,0,0,0,0,0,-1,0
Scroll of Nimeon,201,0,0,594332,1,12,0,0,0,71,58,4,4095,2,1.1,1,0,24,0,0,16,15,0,14,0,0,0,0,0,0,0,0,-1,0
Scroll of Hathron,202,0,0,177532,1,12,0,0,0,56,47,4,4095,2,1.1,1,0,24,0,12,16,16,12,16,10,0,0,0,0,0,0,0,-1,0
Scroll of Gorron,203,0,0,386537,1,12,0,0,0,16,14,4,4095,2,1.18491,1,0,24,0,0,12,12,0,10,0,0,0,0,0,0,0,0,-1,0
Scroll of Kanji,204,0,0,102532,1,12,0,0,0,11,9,4,4095,2,1.1,1,0,24,0,0,8,8,0,0,0,0,0,0,0,0,0,0,-1,0
Scroll of Mallart,205,0,0,287536,1,12,0,0,0,25,23,4,4095,2,1.18491,1,0,24,0,0,12,12,0,0,0,0,0,0,0,0,0,0,-1,0
Scroll of Norgus,206,0,0,682584,1,12,0,0,0,37,32,4,4095,2,1.18491,1,0,24,0,0,14,14,0,12,0,0,0,0,0,0,0,0,-1,0
Scroll of Nantasu,207,0,0,582566,1,12,0,0,0,72,59,4,4095,2,1.1,1,0,24,0,0,8,8,0,0,0,0,0,0,0,0,0,0,-1,0
Scroll of Control,311,0,0,423556,1,15,0,0,0,36,100,4,4095,1,1.2,1,0,24,0,0,8,8,0,0,0,0,0,0,0,0,0,0,-1,-1
Scroll of She'tal,297,0,0,3455465,3,2,0,0,0,102,94,2,4095,5,1.5,1,0,24,0,0,12,12,0,0,0,0,0,0,0,0,0,0,45,0
Tome of Insight,208,0,0,2135431,1,12,0,0,1,0,0,1,4095,0,1,14,0,25,0,0,10,10,0,0,0,0,0,1,0,0,0,0,0,0
Tome of Endurance,209,0,0,2135431,1,8,0,0,1,0,0,1,4095,0,1,14,0,25,0,0,10,10,0,0,0,0,0,0,1,0,0,0,0,0
Tome of Might,210,0,0,2135431,1,18,0,0,1,0,0,1,4095,0,1,14,0,25,0,0,10,10,0,0,0,1,0,0,0,0,0,0,0,0
Tome of Learning,211,0,0,2135431,1,12,0,0,1,0,0,1,4095,0,1,14,0,25,0,0,10,10,0,0,0,0,1,0,0,0,0,0,0,0
Tome of Agility,212,0,0,2135431,1,18,0,0,1,0,0,1,4095,0,1,14,0,25,0,0,10,10,0,0,0,0,0,0,0,0,1,0,0,0
Tome of Leadership,213,0,0,2135431,1,12,0,0,1,0,0,1,4095,0,1,14,0,25,0,0,10,10,0,0,0,0,0,0,0,1,0,0,0,0
Tome of Lies,214,0,0,2135431,1,20,0,0,1,0,0,1,4095,0,1,14,0,25,0,0,10,10,0,0,0,0,-1,-1,0,0,0,0,0,0
Tome of Binding,314,0,0,1244356,2,5,0,0,0,66,101,4,4095,1,2.3,1,0,25,0,0,12,12,0,10,0,0,0,0,0,0,0,0,-1,0
Tome of Spells,215,0,0,17654420,8,3,0,0,12,0,0,1,4095,20,2.1,14,0,25,0,0,18,18,0,0,0,0,0,0,0,0,0,0,0,0
Dust of Healing,193,0,0,1311432,1,50,0,0,0,33,29,5,4095,2,1.1,1,0,26,0,0,0,0,0,0,0,0,0,0,0,0,0,0,15,0
Dust of Locating,194,0,0,2533123,1,3,0,0,0,5,3,2,4095,2,1.1,1,0,26,0,0,0,0,0,0,0,0,0,0,0,0,0,0,15,0
Dust of Life,195,0,0,4278651,3,5,0,0,0,59,49,2,4095,5,1.4,1,0,26,0,0,15,0,0,0,0,0,0,0,0,0,0,0,45,0
Dust of Opening,333,0,0,8753124,5,2,0,0,0,1,0,4,4095,5,1,1,0,26,0,0,0,0,0,0,0,0,0,0,0,0,0,0,35,0
Magical Dust,196,0,0,18654376,11,1,0,0,0,100,94,3,4095,10,1.6,1,0,26,0,16,18,18,18,15,18,0,0,0,0,0,0,0,165,0
Crystal of Healing,253,0,0,546455,1,30,0,0,0,14,12,12,4095,1,1,1,0,27,0,0,0,0,0,0,0,0,0,0,0,0,0,0,15,0
Prism of Sanctuary,254,0,0,5675435,3,5,0,0,0,91,75,1,4095,3,1.2,1,0,27,0,0,0,0,0,0,0,0,0,0,0,0,0,0,45,0
Gem of Healing,331,0,0,3453891,5,20,0,0,0,33,29,6,4095,5,1,1,0,27,0,0,0,0,0,0,0,0,0,0,0,0,0,0,50,0
Crystal of Restoration,332,0,0,43973154,9,10,0,0,0,60,50,4,4095,24,1,1,0,27,0,0,0,0,0,0,0,0,0,0,0,0,0,0,110,0
Rod of Entrapment,216,0,0,3758439,4,8,0,0,0,88,70,25,256,6,1.4,14,0,28,0,0,16,20,0,16,0,0,0,0,0,0,0,0,60,0
Rod of Passage,217,0,0,3756421,4,8,0,0,0,50,42,25,1312,6,1.47259,14,0,28,0,14,20,20,0,0,20,0,0,0,0,0,0,0,60,0
Rod of Flames,218,0,0,3211123,4,8,0,0,0,63,72,25,512,6,1.4,1,0,28,0,0,16,16,0,0,0,0,0,0,0,0,0,0,60,0
Rod of Healing,219,0,0,4262713,4,8,0,0,0,33,29,25,2324,6,1.47259,1,0,28,0,0,16,16,0,0,0,0,0,0,0,0,0,0,60,0
Rod of Freezing,220,0,0,3734153,4,8,0,0,0,75,62,25,512,6,1.4,1,0,28,0,0,16,16,0,0,0,0,0,0,0,0,0,0,60,0
Rod of Power,221,0,0,3456789,4,8,0,0,0,44,36,25,3072,6,1.4,14,0,28,0,0,17,17,16,0,17,0,0,0,0,0,0,0,60,0
Rod of Hardness,222,0,0,3635621,4,8,0,0,0,12,10,25,288,6,1.4,14,0,28,0,0,0,0,0,0,0,0,0,0,0,0,0,0,60,0
Rod of Locating,223,0,0,3854343,4,8,0,0,0,5,3,25,288,6,1.47259,14,0,28,0,0,17,16,0,0,14,0,0,0,0,0,0,0,60,0
Rod of Lightning,224,0,0,3789531,4,8,0,0,0,57,78,25,512,6,1.4,14,0,28,0,12,18,14,0,0,14,0,0,0,0,0,0,0,60,0
Rod of Darkness,225,0,0,3672341,4,8,0,0,0,53,45,25,1280,6,1.4,14,0,28,0,0,17,14,0,0,11,0,0,0,0,0,0,0,60,0
Rod of Binding,312,0,0,3144354,4,8,0,0,0,66,101,25,256,6,1.4,14,0,28,0,0,12,12,0,14,0,0,0,0,0,0,0,0,60,-1
Rod of Ultimate Power,343,0,0,2751491,4,30,0,0,0,83,68,40,4095,1,1.9,14,0,28,0,0,0,0,0,0,0,0,0,0,0,0,0,0,2,-1
Caduceus,334,0,0,81345783,12,3,0,0,0,81,91,15,2048,26,2.1,14,0,28,0,0,0,21,0,0,0,0,0,0,0,0,0,0,160,-1
Lamurian Shock Lance,348,0,0,71234731,13,10,0,0,0,105,104,30,183,40,2,1,0,28,0,18,0,0,18,0,18,0,0,0,0,0,0,0,-1,-1
Glowing Rock,259,0,0,567433,1,15,0,0,0,9,7,5,4095,1,1,1,0,29,0,5,8,8,6,0,10,0,0,0,0,0,0,0,15,-1
Lodestone,226,0,3,4564765,3,3,0,0,0,5,3,8,4095,3,1.2,1,0,29,0,0,0,0,0,0,0,0,0,0,0,0,0,0,45,0
Scarab of Protection,227,0,3,13455341,5,20,4,0,0,0,0,0,4095,12,1.7,14,0,29,0,12,14,14,10,0,12,0,0,0,0,0,0,0,0,0
FlameStone,295,3,6,15644657,5,5,0,0,0,23,21,4,4095,13,1.6,1,0,29,0,0,0,0,0,0,0,0,0,0,0,0,0,0,75,-1
Scarab of Pain,273,-3,-3,6566756,6,15,0,0,0,13,11,10,4095,1,1,1,0,29,0,0,0,0,0,0,0,0,0,0,-1,0,0,1,90,0
Mithril Ore,362,0,0,3466576,6,20,0,0,0,0,0,0,4095,1,1.8,1,0,29,0,0,0,0,0,0,0,0,0,0,0,0,0,0,0,0
Scarab of Defense,228,0,6,35422340,9,15,2,0,0,0,0,0,4095,18,2,14,0,29,0,0,0,0,9,0,0,0,0,0,0,0,0,0,0,0
Pure Mithril,363,0,0,55466546,12,2,0,0,0,0,0,0,4095,1,2.5,1,0,29,64,14,0,0,0,0,14,0,0,0,0,0,0,0,0,0
Scarab of Life,229,0,9,105644352,14,3,2,0,0,70,57,12,4095,21,2.1,14,0,29,0,0,0,0,9,0,0,0,0,0,0,0,0,0,210,0
Bells of Kwalish,236,0,0,12318122,2,2,0,0,0,82,67,2,4095,3,1.2,1,0,30,0,12,14,14,14,0,12,0,0,0,0,0,0,0,30,0
Orb of Life Domination,315,0,0,8455365,5,2,0,0,0,104,103,2,4095,10,0,14,0,30,0,0,18,18,12,12,0,0,0,0,0,0,0,0,75,0
Sphere of Dislocation,237,0,0,8455341,6,10,0,0,0,74,61,25,1056,15,1.9,1,0,30,0,0,18,18,12,0,0,0,0,0,0,0,0,0,90,0
Sphere of Doom,238,0,0,9455631,7,10,0,0,0,49,41,25,1280,15,1.91888,1,0,30,0,0,18,18,0,0,0,0,0,0,0,0,0,0,105,0
Sphere of Flames,239,0,0,8945341,7,10,0,0,0,64,53,25,512,15,1.9,1,0,30,0,0,18,18,0,0,0,0,0,0,0,0,0,0,105,0
Sphere of Frost,240,0,0,8453511,7,10,0,0,0,75,62,25,512,15,1.91888,1,0,30,0,0,18,18,0,0,0,0,0,0,0,0,0,0,105,0
Sphere of Harm,241,0,0,9455341,7,10,0,0,0,51,43,25,3072,15,1.9,1,0,30,0,0,18,18,0,0,0,0,0,0,0,0,0,0,105,0
Sphere of Healing,242,0,0,10455341,7,8,0,0,0,33,29,25,2324,15,1.91888,1,0,30,0,0,17,17,0,0,17,0,0,0,0,0,0,0,105,0
Sphere of Rulership,243,0,0,9566431,7,6,0,0,0,88,70,25,256,15,1.9,1,0,30,0,0,18,22,18,0,0,0,0,0,0,0,0,0,105,0
Sphere of Thunder,244,0,0,7566431,7,15,0,0,0,61,51,25,512,15,1.9,1,0,30,0,0,16,8,0,0,8,0,0,0,0,0,0,0,105,0
Cube of Controlling,245,0,0,8435623,9,10,0,0,0,88,70,18,256,20,2.1,14,0,31,0,0,21,23,0,0,13,0,0,0,0,0,0,0,135,0
Lightning Cube,246,0,0,7456431,9,10,0,0,0,61,51,18,512,20,2.1012,14,0,31,0,0,20,8,0,0,11,0,0,0,0,0,0,0,135,0
Cube of Teleporting,247,0,0,8434356,9,10,0,0,0,80,66,18,1056,20,2.1,14,0,31,0,0,19,16,13,0,19,0,0,0,0,0,0,0,135,0
Cube of Restoration,248,0,0,8412361,9,10,0,0,0,60,50,18,2048,20,2.1,14,0,31,0,15,18,18,15,0,0,0,0,0,0,0,0,0,135,0
Cube of Freezing,249,0,0,8321611,9,10,0,0,0,75,62,18,512,20,2.1,14,0,31,0,0,22,21,0,0,19,0,0,0,0,0,0,0,175,0
Cube of Flames,250,0,0,7785412,9,10,0,0,0,64,53,18,512,20,2.1,14,0,31,0,0,0,0,0,0,0,0,0,0,0,0,0,0,185,0
Cube of Draining,251,0,0,8331267,9,10,0,0,0,54,46,18,3072,20,2.1,14,0,31,0,0,21,21,18,0,21,0,0,0,0,0,0,0,185,0
Cube of Death,252,0,0,7654351,9,10,0,0,0,84,69,18,256,20,2.1012,14,0,31,0,0,20,17,8,0,16,0,0,0,0,0,0,0,195,0
Cube of Domination,313,0,0,9455676,9,5,0,0,0,103,102,18,256,20,2.1,14,0,31,0,0,18,18,0,20,0,0,0,0,0,0,0,0,165,0
Key of Opening,290,0,0,1544345,1,5,0,0,0,1,0,1,4095,2,1.5,1,0,32,0,0,12,0,0,0,12,0,0,0,0,0,0,0,15,0
Dalyn's Smile,336,0,0,1034783,2,0,0,0,0,0,0,0,4095,1,3,1,0,32,0,0,0,0,0,0,0,0,0,0,0,0,0,0,0,0
Unicorn Horn,291,0,3,5433465,3,2,0,0,0,21,19,15,4095,8,1.8,1,0,32,48,0,0,0,10,0,0,0,0,0,0,0,0,0,45,0
Slaver's Whip,324,0,0,4796123,3,0,0,0,0,37,32,15,2043,3,1.7,12,0,32,0,0,16,14,0,0,0,0,0,0,0,0,0,0,30,-1
Dalyn's Grin,337,0,0,56731,4,0,0,0,0,0,0,0,4095,1,3,1,0,32,0,0,0,0,0,0,0,-1,-1,-1,-1,-1,-1,1,0,0
Mordin Glyph,294,3,3,10544365,5,2,0,0,0,54,46,2,4095,15,1.9,14,0,32,0,12,0,0,15,0,12,0,0,0,0,0,0,0,150,-1
Dalyn's Laugh,338,0,0,97312,6,0,0,0,0,10,8,50,4095,1,3,1,0,32,0,0,0,0,0,0,0,0,0,0,0,0,0,0,1,0
Erik's +1 Crayons,316,0,0,10,8,1,0,0,0,0,0,0,4095,1,0,1,0,32,0,0,0,0,0,0,0,0,0,0,0,0,0,0,0,-1
Skeleton Key,339,0,0,6697127,8,4,0,0,0,1,0,3,4095,12,1.7,1,0,32,0,0,16,14,0,0,16,0,0,0,0,0,0,0,30,0
Dalyn's Tear,340,0,0,9537912,10,0,4,0,0,0,0,0,4095,1,3,1,0,32,384,0,0,0,0,0,0,0,0,0,0,0,0,0,0,0
Dalyn's Groan,341,0,0,4218372,12,0,0,0,0,100,94,1,4095,1,3,1,0,32,0,0,0,0,0,0,0,0,0,0,0,0,0,0,180,0
Dalyn's Last Laugh,342,-9,-9,35157914,14,0,0,-1,0,0,0,0,4095,1,3,1,0,32,0,0,0,0,0,0,0,1,1,1,1,1,1,1,0,0
Crest of the Nomad,299,6,6,0,0,0,0,0,500,0,0,0,1,0,0,1,0,34,0,0,0,0,0,0,0,1,0,0,0,0,1,0,0,-1
Crest of the Warrior,300,12,6,0,0,0,0,0,501,0,0,0,2,0,0,1,0,34,0,0,0,0,0,0,0,2,0,0,2,0,2,0,0,-1
Crest of the Paladin,301,6,12,0,0,0,4,0,502,14,12,12,4,0,0,1,0,34,0,0,0,0,0,0,0,2,0,0,1,2,1,0,-1,-1
Crest of the Ninja,302,6,18,0,0,0,0,0,503,0,0,0,8,0,0,1,0,34,4,0,0,0,0,0,0,2,0,0,0,0,3,0,0,-1
Crest of the Villain,303,9,9,0,0,0,0,0,504,15,13,6,16,0,0,1,0,34,560,0,0,0,0,0,0,1,1,1,1,0,2,0,-1,-1
Crest of the Seeker,304,6,9,0,0,0,1,0,505,74,61,6,32,0,0,1,0,34,384,0,0,0,0,0,0,2,2,2,0,0,0,0,-1,-1
Crest of the Thief,305,3,6,0,0,0,0,0,506,1,0,12,64,0,0,1,0,34,48,0,0,0,0,0,0,0,0,0,0,0,4,0,-1,-1
Crest of the Scavenger,306,6,9,0,0,0,0,0,507,1,0,6,128,0,0,1,0,34,514,0,0,0,0,0,0,2,0,0,1,0,3,0,-1,-1
Crest of the Mage,307,0,12,0,0,0,10,0,508,88,70,6,256,0,0,1,0,34,72,0,0,0,0,0,0,0,2,2,0,2,0,0,-1,-1
Crest of the Sorcerer,308,3,12,0,0,0,0,0,509,64,53,6,512,0,0,1,0,34,7,0,0,0,0,0,0,0,3,2,1,0,0,0,-1,-1
Crest of the Wizard,309,3,12,0,0,0,14,0,510,44,36,6,1024,0,0,1,0,34,72,0,0,0,0,0,0,0,4,2,0,0,0,0,-1,-1
Crest of the Healer,310,3,9,0,0,0,0,0,511,60,50,6,2048,0,0,1,0,34,176,0,0,0,0,0,0,1,2,2,0,0,1,0,-1,-1
Medusa's Head,365,0,0,7544657,0,0,0,0,0,97,85,1,4095,0,0.1,1,0,33,0,0,0,0,0,0,0,0,0,0,0,0,0,0,100,-1
Ball and Chain,344,0,-3,1500000,3,30,0,0,0,0,0,0,4095,0,0,1,0,33,0,0,0,0,0,0,0,0,0,0,0,0,-1,2,0,0
Tim's Lead Weights,345,0,-12,3500000,7,30,0,0,0,0,0,0,4095,0,0,1,0,33,0,0,0,0,0,0,0,-2,0,0,0,0,-2,2,0,0
Dalyn's Evil Laugh,346,0,-3,10000,8,0,0,0,0,0,0,0,4095,0,3,1,0,33,0,0,0,0,0,0,0,0,0,0,0,0,0,2,0,0
Derf's Toe Lint,364,-3,-3,5678344,11,30,0,0,0,0,0,0,4095,0,0,1,0,33,0,0,0,0,0,0,0,0,0,0,0,-2,0,2,0,-1
Blessing of Morash,351,6,9,57327982,15,0,0,0,0,0,0,0,4095,45,3.2,1,0,33,0,0,0,0,0,0,0,1,1,1,1,1,1,0,0,0
Curse of Morash,352,-12,-18,86972314,15,0,0,0,0,0,0,0,4095,0,0,1,0,33,0,0,0,0,0,0,0,-2,-2,-2,-2,-2,-2,2,0,0
