name, att, def, id, hits, numGroups, picID, lockedChance, levelFound, ResFire, ResCold, ResElectric, ResMind, ResPoison, ResDisease, ResMagic, ResPhysical, ResWeapon, ResSpell, ResSpecial, specialPropertyFlags, specialAttackFlags, spellFlags, chance, boxChance0, boxChance1, boxChance2, alignment, ingroup, goldFactor, trapFlags, guildlevel, StatStr, StatInt, StatWis, StatCon, StatCha, StatDex, type, damageMod, companionType, companionSpawnMode, companionID, Item0, Item1, Item2, Item3, Item4, Item5, Item6, Item7, Item8, Item9, subtype, companionSubtype, deleted
GOBLIE,23,6,0,7,1,2,20,1,0,0,0,25,0,0,0,0,0,0,0,0,0,0,52,60,40,5,2,2,4,31,2,9,0,0,9,0,7,0,1,0,0,0,-1,24,25,25,23,23,24,1,23,25,0,0,2
Kobold,23,6,1,5,1,2,20,1,25,0,0,0,0,0,0,0,0,0,0,0,0,0,0,52,60,40,5,1,2,4,31,2,9,0,0,9,0,7,0,1,0,0,0,23,23,23,25,25,24,24,-1,1,23,1,1,2
Orc,40,25,2,14,2,2,35,1,25,0,0,0,0,0,0,0,0,0,0,0,0,0,0,15,70,40,10,2,2,4,31,5,11,0,0,9,0,10,0,1,0,4,0,14,24,21,14,16,16,1,5,8,1,2,2,2
Twisted Dwarf,60,31,3,5,2,60,20,1,0,0,0,0,0,0,0,0,0,0,0,0,0,0,0,2,50,30,5,1,2,4,15,22,8,0,0,9,0,14,0,1,0,3,43,8,1,13,16,9,2,23,16,-100,19,3,3,1
Slave,-19,0,4,5,4,2,0,1,0,0,0,0,0,0,0,0,0,0,0,0,0,0,0,3,20,5,0,1,12,2,0,30,6,0,0,9,0,10,0,1,0,3,0,8,20,3,8,22,9,20,6,22,1,71,71,2
Outcast Goblin,23,6,330,7,1,2,20,1,10,0,0,0,0,0,0,0,0,0,0,0,0,0,0,52,60,40,5,2,2,4,31,2,9,0,0,9,0,9,0,1,0,0,0,-1,25,25,24,23,23,24,1,23,25,1,1,2
Disciple,50,44,5,25,2,29,20,2,0,0,0,0,0,0,0,0,0,0,0,0,0,0,0,5,50,30,5,1,4,4,31,10,11,0,0,10,0,13,0,1,0,3,0,4,11,1,27,8,19,5,13,5,3,4,4,2
Skuldragl,65,31,289,25,1,45,20,2,0,0,0,0,0,0,0,0,0,0,0,0,0,0,0,30,0,40,25,1,4,4,31,10,11,0,0,10,0,13,0,1,0,3,0,3,13,15,21,16,27,1,8,20,21,31,31,2
Morloch,45,45,312,15,1,80,20,2,0,0,0,50,0,0,40,0,90,90,90,0,0,0,0,15,0,40,25,1,2,4,31,10,10,0,0,18,0,13,0,1,0,3,0,25,23,11,8,23,25,21,14,1,11,5,5,2
Slaver,60,45,331,35,4,78,20,2,0,0,0,25,0,0,0,0,0,0,0,0,0,0,0,2,0,40,25,2,4,4,31,10,12,0,0,12,0,11,0,1,0,4,0,25,23,1,8,23,25,21,14,1,3,72,72,2
Slave Driver,90,75,332,95,4,14,50,2,0,0,0,50,25,25,0,0,0,0,0,0,8,0,0,0,0,40,60,2,1,5,543,21,16,0,0,15,0,18,0,1,0,16,331,-326,-326,-326,11,3,13,15,10,32,21,72,72,2
Goblin,52,40,333,22,2,2,15,2,25,5,0,0,0,0,0,0,0,0,0,0,0,0,0,15,0,40,10,2,2,4,31,10,13,0,0,12,0,13,0,1,0,3,331,-1,25,25,24,24,23,23,26,8,11,1,1,2
Large Orc,65,55,337,30,2,2,20,2,35,70,0,0,0,0,0,0,0,0,0,0,0,0,0,8,0,40,15,2,3,4,31,12,11,0,0,11,0,10,0,1,0,9,2,6,10,14,21,8,19,7,17,14,-1,2,2,3
Troll,86,69,6,35,1,30,20,3,25,25,25,0,25,5,0,15,25,15,0,0,0,0,0,55,50,30,5,2,2,4,543,20,12,0,0,11,0,14,0,1,0,0,0,-1,15,20,4,14,19,3,6,1,14,5,5,2
Elf,86,81,7,35,2,83,20,3,0,0,0,25,0,0,50,0,0,0,0,0,17,0,0,17,50,30,5,1,3,4,14,20,12,0,0,11,0,14,0,1,0,3,0,23,4,1,19,23,8,11,6,15,14,6,6,2
Goblin Guard,90,80,334,42,4,2,20,3,30,10,0,0,0,0,0,0,0,0,0,0,0,0,0,1,0,40,10,2,4,4,15,20,14,0,0,13,0,13,0,1,0,3,333,-1,25,24,23,26,3,11,9,13,14,73,73,2
Goblin Lord,120,115,335,170,2,57,60,3,75,35,0,0,0,0,0,0,0,0,0,0,25,0,0,0,0,40,70,2,1,5,15,41,19,0,0,18,0,16,0,1.3,0,144,71,-327,-327,-327,17,17,20,16,13,28,10,73,15,2
Goblin Shaman,65,60,336,31,4,13,25,3,30,20,0,0,0,0,0,0,0,0,0,0,1,0,1,1,0,40,25,2,3,4,15,25,11,0,0,12,0,14,0,1,0,22,334,-1,25,24,23,26,4,2,8,-294,-294,73,73,2
Dwarf,75,65,377,60,3,60,25,3,30,20,0,0,0,0,0,0,0,0,0,0,0,0,0,15,0,40,25,1,3,4,15,23,13,0,0,11,0,13,0,1,0,3,334,6,10,14,21,8,19,7,17,15,-1,3,3,1
Gnoll,88,75,8,40,2,2,20,4,0,0,0,0,0,0,0,0,0,0,0,0,0,0,0,66,50,30,5,1,3,4,527,25,14,0,0,12,0,15,0,1,0,1,0,14,1,8,16,14,8,16,1,20,28,6,6,2
Gnome,108,94,9,38,2,29,20,4,0,0,0,0,0,0,0,0,0,0,0,0,0,0,0,50,50,30,5,1,3,4,1163,35,14,0,0,12,0,16,0,1,0,13,5,2,6,14,23,3,10,2,29,7,3,4,4,2
Dwarven Guard,100,100,338,73,3,60,25,4,45,80,0,0,0,0,35,0,0,0,0,0,0,0,0,15,50,25,15,1,4,4,543,36,14,0,0,12,0,16,0,1,0,25,377,15,6,10,27,16,11,12,26,17,16,3,3,1
Dwarven Lord,150,180,339,185,4,57,45,4,65,90,0,0,0,0,55,0,0,0,25,0,24,1024,0,0,0,40,65,1,1,6,543,36,19,0,0,16,0,18,0,1,0,28,338,-328,-328,-328,-295,15,13,11,6,10,20,3,3,1
Numanog,105,106,10,50,1,2,20,5,0,0,0,0,0,0,0,0,0,0,0,0,12,0,0,50,40,30,5,1,3,4,1163,40,15,0,0,13,0,16,0,1,0,0,0,16,8,16,29,14,1,21,3,22,14,1,1,2
Sprite,105,150,11,50,1,83,20,5,0,0,0,75,0,0,50,0,0,0,0,0,0,0,8,25,40,30,5,1,2,4,1163,45,15,0,0,13,0,17,0,1,0,0,0,7,13,16,1,3,20,4,3,15,14,4,4,2
Dryad,128,31,12,65,2,29,20,5,0,0,0,75,0,0,95,50,0,0,50,0,24,0,32,2,40,30,5,1,1,4,699,85,14,0,0,13,0,25,0,1,0,31,11,14,28,5,19,13,6,1,11,16,8,4,4,1
Rock Elf,118,95,340,45,3,83,10,5,0,0,0,25,0,0,50,0,0,0,0,0,17,0,0,15,40,35,5,1,3,4,542,46,14,0,0,13,0,17,0,1,7,1,11,17,3,9,14,16,20,12,23,27,32,6,38,2
Twisted Elf,198,165,341,153,3,74,20,5,0,0,0,30,0,0,70,0,0,0,0,0,25,0,0,0,0,35,55,1,1,5,670,80,17,0,0,14,0,21,0,1,0,33,340,-130,21,-283,-1,16,20,12,23,27,21,6,6,2
Gumon,146,119,13,65,2,29,35,6,0,0,0,0,0,0,0,0,0,0,0,0,0,0,0,50,40,30,5,1,2,4,1807,45,15,0,0,14,0,15,0,1,0,0,0,10,15,8,32,13,21,22,16,4,3,4,4,2
Lost Soul,91,19,14,38,3,29,20,6,0,0,0,0,0,0,0,0,0,0,0,0,0,0,0,8,15,5,1,1,6,4,1152,15,15,0,0,14,0,12,0,1,0,3,0,14,8,1,17,32,30,17,15,14,1,4,4,2
Hobgoblin,146,119,15,55,2,2,20,6,0,0,0,0,0,0,0,0,0,0,0,0,0,0,0,8,40,25,5,1,3,4,535,50,15,0,0,14,0,16,0,1,0,0,0,16,28,-1,6,27,29,16,16,14,4,6,6,2
ZBrat,300,1,309,25,4,2,0,6,0,0,0,0,0,0,0,0,0,0,0,0,8,0,0,1,0,0,0,2,20,2,0,50,6,0,0,2,0,50,0,1,0,3,0,-1,-1,-1,-1,-1,-1,-1,-1,-1,-1,70,70,0
Weaponist,181,125,16,55,2,2,20,7,0,0,0,0,0,0,0,0,0,0,0,0,0,1024,0,25,30,15,3,2,3,4,1551,65,17,0,0,15,0,18,0,1,0,0,0,1,29,3,28,4,3,6,4,7,11,1,1,2
Ruffian,163,156,17,65,2,4,20,7,0,0,0,0,0,0,0,0,0,0,0,0,0,2048,0,42,25,15,3,2,2,4,1551,55,17,0,0,15,0,21,0,1,14,0,0,8,8,8,30,1,19,26,6,1,17,57,57,2
Jestor,176,175,18,85,2,4,20,8,0,0,0,0,0,0,0,0,0,0,0,0,0,2048,0,42,40,25,5,2,2,4,1983,85,17,0,0,16,0,19,0,1,14,0,0,8,17,-1,15,14,2,18,8,19,3,57,57,2
Pixie,155,169,19,75,2,83,20,8,0,0,0,50,0,0,50,0,0,0,0,0,11,0,24,8,30,20,5,2,3,4,671,80,15,0,0,16,0,18,0,1,0,37,15,20,5,4,11,20,22,3,8,27,28,54,54,2
Filcher,188,181,20,105,3,4,20,9,0,0,0,0,0,0,0,0,0,0,0,0,0,8192,0,50,30,20,5,2,2,4,1023,90,17,0,0,17,0,18,0,1,14,0,137,0,6,18,5,8,8,8,14,16,23,57,57,2
Siren,155,262,21,75,2,29,20,9,0,0,0,80,0,0,50,0,0,0,0,0,3,0,72,8,30,20,5,2,3,4,1951,90,12,0,0,17,0,20,0,1,0,347,172,23,5,16,8,23,4,13,19,6,4,54,54,2
Sharper,180,219,195,150,1,4,20,10,0,0,0,0,0,0,0,0,0,0,0,0,0,0,0,42,45,20,5,2,3,4,31,80,17,0,0,17,0,18,0,1,0,0,172,4,14,20,21,16,2,10,20,21,28,57,57,2
Witch,239,238,197,210,1,29,20,10,0,0,0,15,0,50,0,0,0,0,50,0,3,0,32,25,50,40,15,2,2,4,1053,105,18,0,0,18,0,15,0,1,0,0,172,19,5,16,17,1,9,9,7,5,3,54,54,2
Cannibal,201,112,217,155,2,2,20,11,0,0,0,0,0,0,0,0,0,0,0,0,0,0,0,25,30,20,5,2,2,4,1375,90,21,0,0,17,0,12,0,1,0,3,172,19,13,13,22,4,7,6,9,9,30,57,57,2
Gorguni,201,250,398,145,1,58,20,11,0,0,0,100,0,0,0,0,0,0,0,0,0,8192,0,3,30,45,25,1,6,4,33,10,21,0,0,17,0,12,0,1,0,3,172,28,6,2,21,1,21,15,32,5,9,82,82,2
Coltpixie,170,281,229,185,2,29,20,12,0,0,0,0,0,0,0,0,0,0,0,0,16,0,4,8,30,20,5,2,2,4,447,110,18,0,0,17,0,20,0,1,0,0,172,22,13,14,11,16,16,15,4,17,9,54,54,2
Shadow Ogre,275,181,391,185,1,20,20,12,50,50,0,0,0,50,0,0,0,0,50,0,18,0,0,2,30,30,15,2,2,4,447,130,18,0,0,17,0,30,0,1,0,0,172,10,15,31,17,15,5,19,7,17,25,28,28,2
Mengu-Ogre,331,194,242,250,2,2,20,13,50,50,0,0,0,50,0,0,0,0,50,0,16,0,0,8,50,30,15,2,3,5,25,140,18,0,0,17,0,15,0,1,0,296,243,4,5,14,20,23,24,3,32,6,14,2,2,1
Gargantuan,600,188,250,500,3,2,20,14,0,0,0,0,0,0,0,0,0,0,0,0,0,0,0,8,15,5,0,1,4,4,1,50,51,0,0,15,0,12,0,2,0,3,172,11,1,32,3,21,19,5,14,9,11,1,1,1
Assassin,555,312,258,150,1,74,20,15,0,0,0,0,0,0,0,0,0,0,0,0,3,1024,0,25,30,20,5,2,3,4,1951,150,31,0,0,17,0,22,0,2,0,0,172,11,4,13,4,20,3,28,7,14,6,58,58,2
Red Cloak Assassin,811,262,270,175,2,57,20,15,0,0,0,0,0,0,0,0,0,0,0,0,19,3072,0,7,80,50,25,2,2,5,1951,350,35,0,0,18,0,30,0,3,0,53,258,2,26,13,15,-1,-1,19,4,4,3,58,58,2
Clean-Up,23,12,22,5,1,6,20,1,0,0,50,100,100,100,0,0,100,0,90,0,0,33,0,66,0,0,0,1,2,2,0,2,11,0,0,9,0,8,1,1,1,0,0,21,20,13,1,6,4,8,10,5,16,7,7,1
Green Ooze,40,12,23,14,1,6,20,1,0,0,0,100,100,100,0,0,0,0,0,0,0,1,0,17,0,0,0,1,2,2,2,5,10,0,0,9,0,10,1,1,1,0,0,9,1,7,19,16,8,14,15,10,1,7,7,1
Aboleth,92,25,288,65,1,33,20,1,0,0,0,100,100,100,0,0,0,0,0,0,0,3,0,0,0,0,60,1,1,3,2,25,15,0,0,9,0,8,1,1,1,0,0,19,1,15,5,4,11,8,14,11,32,63,63,1
Green Slime,40,38,24,20,2,6,20,2,0,0,0,100,100,100,0,0,100,0,90,0,0,4133,0,42,0,0,0,1,2,2,0,15,12,0,0,10,0,10,1,1,1,0,0,9,16,6,3,11,20,3,19,29,5,7,7,2
Vomitis Goo,70,0,25,2,1,76,20,2,0,0,0,100,100,100,0,0,0,0,90,0,0,34,0,8,0,0,0,1,8,2,0,15,9,0,0,10,0,10,1,1,1,0,0,4,24,13,17,1,14,1,7,5,11,7,7,2
Diseased Muck,92,44,295,35,1,6,20,3,0,0,0,100,100,100,0,0,0,0,0,0,0,2,0,8,0,0,0,1,2,2,0,20,12,0,0,10,0,10,1,1,1,0,0,4,18,1,19,8,8,16,0,0,-1,7,7,1
Purple Ooze,108,100,26,60,2,6,20,4,0,0,0,100,100,100,0,0,100,0,90,0,0,4103,0,42,0,0,0,1,3,2,0,35,15,0,0,12,0,10,1,1,1,0,0,-1,-1,-1,-1,-1,-1,-1,-1,-1,-1,7,7,2
Grey Ooze,206,100,27,80,2,33,20,6,0,0,0,100,100,100,0,0,100,0,90,0,0,4101,0,42,0,0,0,1,2,2,0,40,17,0,0,14,0,10,1,1,1,0,0,21,6,0,24,6,20,13,8,22,18,7,7,2
Slippery Mire,87,188,28,80,2,6,20,7,0,0,0,100,100,100,0,0,100,0,90,0,4,4133,0,3,0,0,0,1,1,2,0,65,17,0,0,15,0,10,1,1,1,0,0,1,8,10,8,26,3,11,19,8,14,7,7,0
Jubilex,221,125,29,190,1,76,20,7,0,0,0,100,100,100,0,0,100,0,90,0,8,4389,0,3,0,0,0,1,1,2,0,65,21,0,0,15,0,10,1,1,1,0,0,4,25,30,26,13,10,2,16,8,15,7,7,2
Blue Slime,276,150,30,125,2,6,20,8,0,0,0,100,100,100,0,0,100,0,90,0,0,4133,0,50,0,0,0,1,2,2,0,70,18,0,0,16,0,15,1,1,1,0,0,30,18,4,4,19,14,16,1,20,16,7,7,2
Violet Fungus,78,6,31,25,4,6,20,9,0,0,0,100,100,100,0,50,100,0,90,0,4,4133,72,8,0,0,0,1,13,2,0,105,5,0,0,17,0,5,1,1,1,3,0,5,16,14,1,4,14,14,11,20,19,7,7,0
Grey Mold,274,188,238,180,1,6,20,13,0,0,50,100,100,100,0,0,100,0,90,0,0,4101,0,25,0,0,0,1,2,2,0,105,21,0,0,18,0,12,1,1,1,3,0,-1,-1,-1,-1,-1,-1,-1,-1,-1,-1,7,7,2
Golden Ooze,322,225,252,250,2,6,20,14,50,0,0,100,100,0,0,0,100,0,90,0,0,4132,0,25,0,0,0,1,2,2,0,115,24,0,0,17,0,5,1,1,1,0,0,-1,-1,-1,-1,-1,-1,-1,-1,-1,-1,7,7,0
Rust Monster,555,6,271,435,3,76,20,15,0,50,50,100,100,0,0,50,100,0,90,0,16,4132,0,8,0,0,0,1,1,2,0,105,24,0,0,25,0,5,1,1,1,0,0,10,11,22,3,10,17,13,1,19,25,7,7,4
Dimeon,40,50,32,30,1,9,30,2,0,0,0,0,90,0,0,0,0,0,0,0,0,2,0,50,60,40,10,2,2,4,15,10,11,0,0,10,0,12,2,1,2,0,0,13,8,4,8,8,26,16,30,15,8,8,8,2
Horned Demon,86,75,33,40,1,36,30,3,90,50,0,0,90,0,0,0,0,0,0,0,0,2,0,8,60,40,10,2,2,4,527,25,12,0,0,11,0,12,2,1,2,0,0,10,1,6,23,19,4,29,14,17,11,8,8,2
Daemon,75,65,313,45,1,9,30,3,100,0,0,0,90,0,0,0,0,0,0,0,2,0,1,2,0,65,25,2,3,4,542,35,12,0,0,11,0,12,2,1,2,0,0,-1,26,3,18,3,29,3,4,15,10,8,8,2
Kaelmeon,108,81,34,45,1,9,30,4,0,0,0,0,90,0,0,0,0,0,0,0,3,2,0,50,60,40,10,2,2,4,143,20,14,0,0,12,0,13,2,1,2,0,0,10,4,8,29,28,9,16,3,14,0,8,8,3
Lynch Demon,88,119,35,95,3,36,30,4,0,0,0,0,90,0,0,0,0,0,0,0,45,2,0,3,60,40,10,2,1,4,1983,85,14,0,0,12,0,13,2,1,2,1,0,27,0,23,17,6,13,13,16,-1,22,44,8,2
Winged Demon,105,94,36,45,2,11,30,5,0,50,25,0,5,0,50,0,0,100,0,0,0,0,0,25,60,40,10,2,3,4,531,55,15,0,0,13,0,14,2,1,2,0,0,22,-1,11,6,14,11,25,29,8,26,8,8,2
Troll Demon,168,19,300,60,1,47,30,5,0,60,0,0,5,0,0,0,0,0,0,0,0,0,0,2,60,50,40,2,3,4,31,60,15,0,0,13,0,14,2,1,2,0,0,20,16,14,20,8,5,5,-1,1,10,8,8,2
Lassumeon,146,119,37,65,2,9,20,6,0,0,0,0,90,0,0,0,90,0,0,0,19,6,0,50,50,30,10,2,3,4,1679,55,15,0,0,14,0,15,2,1,2,0,0,29,30,11,3,23,19,30,14,-1,11,8,8,3
Astral Demon,133,144,38,75,2,9,20,7,0,0,0,25,90,0,25,100,0,0,100,0,19,0,0,7,40,30,15,2,6,4,1979,65,17,0,0,15,0,25,2,1,2,3,0,14,14,8,1,4,13,14,27,-1,7,40,40,2
Shaelmeon,176,156,39,105,3,9,20,8,0,0,40,25,90,0,0,0,0,0,0,0,19,2,0,50,30,20,10,2,3,4,1967,85,17,0,0,16,0,15,2,1,2,0,0,8,14,13,16,22,3,25,0,2,9,8,8,2
Wretch,207,181,40,125,2,9,20,9,0,0,40,0,90,0,25,0,0,0,0,0,19,2,0,42,30,20,10,2,3,4,927,100,18,0,0,17,0,18,2,1,2,0,0,21,3,4,14,29,14,21,4,14,27,8,8,2
Mammon,213,206,196,125,2,9,20,10,0,50,40,0,25,0,0,0,0,0,0,0,16,0,0,8,30,20,10,2,2,4,1851,125,21,0,0,18,0,18,2,1,2,0,0,9,3,30,22,3,-1,30,14,14,16,8,8,2
Incubi,185,231,222,150,3,9,20,11,0,0,0,0,50,0,0,0,0,0,0,0,17,2,0,46,30,20,10,2,2,4,1983,132,21,0,0,18,0,18,2,1,2,0,0,3,1,28,27,4,23,21,1,14,2,8,8,2
Shadow Demon,305,241,389,150,3,9,20,11,0,0,0,0,50,0,0,0,0,0,0,0,19,2,0,4,30,40,20,2,2,4,1983,139,21,0,0,18,0,35,2,1,2,0,0,3,1,28,27,4,23,21,1,14,2,8,8,2
Harpy,274,231,221,180,4,9,20,12,25,25,0,25,0,90,0,0,0,0,0,0,19,5,0,8,30,20,10,2,4,4,659,135,21,0,0,16,0,16,2,1,2,0,0,6,16,31,17,28,16,7,19,4,19,8,8,2
Pit Fiend,310,250,310,230,2,36,20,13,100,25,0,50,0,0,0,0,0,0,0,0,19,0,0,17,30,20,10,2,2,4,703,150,21,0,0,16,0,16,2,1,2,0,0,4,13,30,4,17,32,21,31,14,24,8,8,3
Shadow of Death,306,181,256,250,3,62,20,14,0,0,0,100,0,0,0,0,100,0,0,0,27,516,0,3,60,40,20,2,1,4,1,100,18,0,0,17,0,22,2,1,2,0,0,27,6,16,14,18,13,7,17,15,16,8,8,3
Daemon Lord,388,312,260,250,4,74,20,15,0,50,40,0,90,0,0,0,90,0,100,0,27,519,0,25,40,30,10,2,1,4,927,210,35,0,0,22,0,21,2,1,2,0,0,27,19,21,5,15,0,3,1,25,11,8,8,2
Demon Prince,1500,600,311,1000,4,63,50,16,90,0,75,0,90,0,90,50,90,50,0,0,25,3655,0,3,40,60,60,2,1,6,2046,999,51,0,0,35,0,35,2,3,2,87,260,20,9,19,3,32,9,16,-1,5,1,8,8,4
Margoyle,33,12,41,12,1,40,20,1,0,0,0,25,0,0,0,0,0,0,0,0,0,0,0,66,60,40,5,2,2,4,31,5,11,0,0,9,0,14,3,1.5,3,0,0,23,21,4,25,29,30,24,23,-215,3,9,9,2
Veyasu,50,50,42,30,1,7,20,2,0,0,0,0,0,75,0,0,0,0,0,0,0,1,0,46,50,40,5,2,2,4,27,10,12,0,0,10,0,14,3,1,3,0,0,20,8,29,3,4,5,0,9,10,14,9,9,2
Nan-Shuma,86,62,43,40,1,11,20,3,0,0,0,0,0,0,0,0,0,0,0,0,0,0,0,50,40,20,5,2,3,4,31,20,14,0,0,11,0,14,3,1,3,0,0,13,5,23,15,14,16,4,13,2,8,41,41,2
Gargoyle,92,44,296,45,1,40,20,3,0,0,15,0,50,0,0,0,0,0,0,0,0,0,0,50,40,20,5,2,3,4,537,15,12,0,0,11,0,16,3,1,3,0,0,13,9,8,9,22,1,1,8,23,16,9,9,2
Screaming Devil,88,88,44,40,1,11,20,4,0,0,0,0,0,0,0,0,0,0,0,0,0,0,0,17,40,20,5,2,3,4,159,35,14,0,0,12,0,14,3,1,3,0,0,6,1,16,7,1,29,15,32,9,4,9,9,2
Dervish,128,62,301,40,1,11,20,4,50,50,0,0,0,0,0,0,0,0,0,0,0,0,0,17,40,20,5,2,4,4,31,35,12,0,0,11,0,12,3,1,3,0,0,3,19,23,0,8,5,11,9,32,1,9,9,1
Keenasu,128,100,45,50,2,7,30,5,0,0,0,0,0,75,0,0,0,0,0,0,0,5,0,33,40,20,5,2,2,5,671,45,15,0,0,13,0,15,3,1,3,0,0,32,30,10,4,32,16,1,3,4,22,9,9,2
Poltergeist,121,100,46,85,4,29,45,6,0,0,0,0,0,75,0,0,0,0,0,0,8,5,0,1,40,20,5,2,1,5,1951,95,15,0,0,14,0,15,3,1,3,13,5,29,19,14,14,16,28,3,20,16,24,36,36,2
Imp,230,150,47,75,2,40,45,6,0,0,100,50,0,75,50,0,0,0,0,0,17,0,0,66,40,20,5,2,3,4,1851,60,17,0,0,14,0,15,3,1,3,0,11,16,10,16,30,13,1,17,7,3,6,9,9,2
Kei-Shuma,163,125,48,75,2,11,45,7,0,0,100,50,0,75,50,0,0,0,0,0,0,4,0,50,40,20,5,2,3,4,827,65,17,0,0,15,0,15,3,1,3,0,11,11,11,8,7,10,8,1,10,8,3,41,41,2
Greymah,176,144,49,115,2,7,25,8,0,0,100,50,0,75,50,0,0,0,0,0,19,64,0,25,40,20,5,2,2,4,827,85,18,0,0,16,0,18,3,1,3,0,11,2,1,14,8,16,19,4,1,8,8,45,9,2
Dust Devil,196,181,198,135,2,11,25,10,0,0,0,0,0,75,0,0,0,0,0,0,0,0,0,42,40,20,5,2,3,4,415,105,20,0,0,16,0,18,3,1,3,97,47,10,3,7,-1,14,10,5,13,14,1,9,9,2
Kenymah,226,202,199,145,2,7,25,10,0,0,100,50,0,75,50,0,0,0,0,0,1,64,0,33,40,30,15,2,3,4,955,110,21,0,0,12,0,21,3,1,3,0,11,14,20,7,4,16,8,30,3,1,19,45,45,2
Fiend,225,188,218,160,3,29,25,11,50,0,0,25,0,75,0,0,0,0,0,0,16,0,1,42,40,20,10,2,2,5,670,125,21,0,0,12,0,18,3,1,3,0,11,7,26,21,1,1,4,18,17,23,16,9,9,2
Guardian,225,438,220,175,2,16,25,11,50,50,50,50,50,50,50,0,0,0,0,0,16,0,0,3,40,30,25,2,2,5,539,125,25,0,0,21,0,12,3,1,3,3,11,19,31,14,19,1,30,1,31,13,1,33,33,2
Arch-Fiend,265,219,228,115,3,29,25,12,90,25,0,0,0,75,25,0,0,0,0,0,16,0,1,3,60,30,15,2,1,5,827,125,21,0,0,16,0,20,3,1,3,0,11,18,6,27,8,16,9,9,14,29,11,9,9,2
Shadow Devil,285,229,390,205,3,20,25,13,90,25,0,0,0,75,25,0,0,0,0,0,19,1025,10,1,60,30,15,2,1,5,827,145,22,0,0,17,0,37,3,1,3,0,11,12,21,5,14,4,31,8,1,27,24,9,9,2
Fire Lord,225,225,249,175,2,11,25,14,100,0,50,0,0,75,0,0,0,0,0,0,0,8,0,25,40,20,10,2,2,4,27,85,21,0,0,18,0,12,3,1,3,0,11,29,27,31,6,11,31,13,26,19,13,59,59,2
Flame Devil,725,312,287,250,3,11,25,16,100,0,50,0,0,75,0,0,0,0,0,0,25,8,0,42,40,30,15,2,4,5,1983,150,35,0,0,20,0,30,3,2,3,3,11,9,20,4,31,0,17,20,-1,17,7,59,59,1
Asmodeus,1500,625,277,2000,4,11,75,16,100,75,75,100,0,0,0,50,100,100,50,0,27,1536,55,10,99,99,99,2,1,6,2046,999,55,0,0,25,0,35,3,4,3,107,287,17,-357,8,16,8,24,19,27,10,16,59,59,4
Killart,40,31,50,20,1,10,10,2,0,0,0,100,0,0,50,0,100,0,0,0,0,0,0,33,20,10,0,0,2,4,0,5,11,0,0,10,0,8,4,1,4,0,0,11,30,19,3,22,19,7,14,14,8,10,10,2
Hennart,108,75,51,40,2,10,20,4,0,0,0,100,0,0,50,0,100,0,0,0,16,64,0,50,20,10,1,1,3,4,0,25,14,0,0,12,0,10,4,1,4,0,0,8,17,8,5,19,26,7,16,15,8,10,10,2
Air Elemental,78,125,302,35,2,38,20,4,0,0,0,100,0,0,50,0,100,0,0,0,16,64,0,8,50,40,20,1,3,4,1,25,14,0,0,12,0,10,4,1,4,0,0,22,24,20,8,27,7,16,14,1,11,67,67,3
Ice Mist,95,100,52,50,1,21,20,5,0,100,0,100,0,0,50,0,100,0,0,0,0,16,0,17,20,10,1,1,2,4,0,40,15,0,0,13,0,10,4,1,4,0,0,16,16,4,20,5,15,14,23,23,3,11,11,2
Dunnart,146,119,53,65,2,10,20,6,0,100,0,100,0,0,50,0,100,0,0,0,1,0,0,42,20,10,1,1,3,4,0,50,17,0,0,14,0,10,4,1,4,0,0,8,4,6,-1,7,14,20,4,13,1,10,10,2
Wisp,143,144,54,75,2,77,20,7,0,0,0,100,0,0,50,0,100,0,45,0,19,0,8,50,20,10,1,0,6,4,0,65,17,0,0,15,0,15,4,1,4,3,0,13,-1,19,20,19,1,26,1,1,3,46,46,1
Wil 'O Wisp,219,188,55,165,3,77,20,8,25,100,100,100,0,0,100,0,100,0,0,0,27,64,12,3,30,10,5,0,1,4,256,125,20,0,0,16,0,22,4,1,4,114,54,19,0,2,17,7,1,18,6,9,16,46,46,2
Phantasmal Mist,188,150,56,105,1,10,20,9,25,100,100,100,0,0,100,0,100,0,0,0,27,142,0,50,30,10,5,2,4,4,519,90,20,0,0,17,0,22,4,1,4,3,170,28,11,20,16,15,25,16,14,4,20,11,11,2
Junnart,180,169,200,150,3,10,20,10,25,0,100,0,0,0,0,0,0,0,0,0,0,64,0,50,30,10,5,1,3,4,31,100,20,0,0,16,0,18,4,1,4,0,170,19,4,8,29,10,19,11,6,16,5,10,10,3
Freezing Mist,178,62,219,115,1,21,20,11,0,100,0,100,0,0,0,0,100,0,0,0,16,16,2,42,30,10,5,1,2,4,21,110,18,0,0,12,0,15,4,1,4,3,170,7,28,1,27,16,22,9,8,32,8,11,11,2
Genie,233,206,231,145,1,9,20,12,75,75,0,100,0,0,25,0,0,0,50,0,19,0,16,50,45,30,10,2,3,4,927,135,21,0,0,18,0,18,4,1,4,3,170,16,5,29,17,14,19,20,17,1,20,60,60,2
Efreet,351,195,361,275,1,36,20,13,100,75,0,100,0,0,40,0,0,0,50,0,19,0,33,25,45,30,18,2,2,4,927,165,23,0,0,19,0,16,4,1,4,3,170,5,10,1,2,13,26,19,21,27,12,60,60,2
Black Mist,388,300,246,210,3,21,20,14,75,75,0,100,0,0,25,0,100,0,0,0,27,154,0,8,30,20,10,2,1,4,2047,175,24,0,0,15,0,18,4,1,4,0,170,5,4,11,14,8,21,8,4,30,17,11,11,2
I'ssus,26,19,57,10,1,17,5,1,0,0,0,0,0,50,0,0,0,0,0,0,0,1,0,66,20,0,0,1,2,2,0,2,10,0,0,9,0,8,5,1,5,0,0,8,16,1,13,22,1,8,3,11,22,12,12,2
Ye'ssus,40,38,58,25,1,17,0,2,0,0,0,0,0,75,0,0,0,0,0,0,0,1,0,42,10,0,0,1,2,3,0,10,12,0,0,10,0,8,5,1,5,0,0,26,16,24,6,22,0,16,10,20,4,12,12,2
Bull Snake,40,56,290,25,1,17,0,2,25,25,0,0,0,0,0,0,0,0,0,0,0,0,0,42,10,0,0,1,2,3,0,10,12,0,0,10,0,8,5,1,5,0,0,30,27,5,24,19,1,16,32,14,8,12,12,2
Night Dragon,86,100,59,25,1,34,0,3,0,0,0,50,0,75,0,0,0,0,0,0,0,1,0,8,10,0,0,1,2,3,0,40,12,0,0,11,0,8,5,1,5,0,0,19,17,-1,27,-1,14,21,4,13,9,61,61,2
Giant Serpent,78,100,60,35,2,17,0,4,0,0,0,0,0,75,0,0,0,0,0,0,0,1,0,42,10,0,0,1,2,3,0,30,14,0,0,12,0,14,5,1,5,3,0,14,28,15,16,8,14,7,4,6,1,12,12,3
Pit Viper,320,38,303,35,1,17,0,4,0,0,0,0,0,75,0,0,0,0,0,0,0,1,0,5,0,0,0,1,4,3,0,30,12,0,0,12,0,20,5,1,5,3,0,17,29,14,1,24,15,4,4,11,3,47,47,1
Pegan Lizard,128,100,61,42,1,34,20,5,100,100,0,100,0,0,100,0,0,0,0,0,16,1,0,3,10,0,0,1,1,3,0,30,15,0,0,13,0,16,5,1,5,0,0,10,4,6,4,9,9,29,14,7,1,61,61,2
Rattlesnake,160,112,62,50,2,17,20,6,0,0,0,0,0,0,0,0,0,0,0,0,0,1,0,50,10,0,0,1,2,3,0,50,12,0,0,14,0,18,5,1,5,0,0,16,21,8,14,8,17,16,22,2,15,12,12,1
Snake Servant,146,125,63,65,3,17,20,6,0,0,0,0,0,0,0,0,0,0,0,0,0,1,0,3,10,0,0,2,4,3,0,50,15,0,0,14,0,14,5,1,5,3,0,-1,-1,-1,-1,-1,-1,-1,-1,-1,-1,37,37,1
Medusa,301,150,64,350,4,56,20,6,0,0,0,25,0,0,45,95,0,0,0,0,17,1281,32,1,0,60,50,2,1,4,1727,75,17,0,0,14,0,25,5,1,5,130,63,1,13,11,-367,10,27,-367,20,33,-367,37,37,2
Giant I'ssus,163,138,65,65,2,17,20,7,0,45,0,25,0,95,45,0,0,0,0,0,8,1,0,46,10,0,0,2,3,4,1567,75,17,0,0,15,0,18,5,1,5,0,37,21,14,29,15,8,9,4,-1,7,19,12,12,4
Asp,163,19,66,75,2,17,20,7,0,45,0,25,0,95,45,0,0,0,0,0,0,1,0,25,10,0,0,2,2,4,1567,75,17,0,0,15,0,35,5,1,5,3,37,14,11,14,8,1,4,9,14,3,1,47,47,2
Gythyek Lizard,238,169,67,95,2,34,20,8,0,45,0,25,0,95,45,0,0,0,0,0,8,1,0,8,10,0,0,1,3,4,1567,80,17,0,0,16,0,18,5,1,5,0,37,17,19,15,3,14,19,21,3,29,14,61,61,2
Que'ssus,182,156,68,115,2,42,20,8,0,0,0,50,0,95,0,0,0,0,0,0,0,1,0,50,10,0,0,2,3,4,1567,95,18,0,0,16,0,19,5,1,5,0,37,4,13,19,1,29,5,5,32,23,4,12,12,2
Giant Snake,196,188,201,115,2,17,20,10,0,0,0,50,0,95,0,0,0,0,0,0,0,1,0,50,10,0,0,2,4,4,1567,105,21,0,0,17,0,20,5,1,5,3,37,30,10,6,1,17,7,8,4,16,16,12,12,2
Black Grengi,170,188,279,210,2,42,20,11,0,100,0,100,0,95,50,0,0,0,0,0,0,0,0,50,10,0,0,1,2,4,1567,125,18,0,0,16,0,16,5,1,5,0,37,-1,31,4,9,9,17,15,4,4,8,12,12,4
Shadow Serpent,210,168,392,190,2,17,20,11,0,100,0,100,0,95,50,0,0,0,0,0,2,1,0,4,10,10,5,1,3,4,1567,135,18,0,0,16,0,32,5,1,5,0,37,5,4,27,21,17,26,15,12,11,8,12,12,2
Mother of Serpents,400,153,358,761,1,56,43,12,100,15,0,75,0,100,50,60,60,0,100,0,9,32,0,0,0,60,40,1,1,5,2047,186,28,0,0,22,0,18,5,1,5,138,392,-1,-1,-1,-1,-1,-1,-1,-1,-1,-1,12,12,5
Coutal,306,312,278,145,1,42,20,13,50,0,0,50,0,95,0,0,0,0,0,0,0,5,0,8,10,0,0,2,2,4,1567,130,21,0,0,18,0,22,5,1,5,0,37,20,28,17,1,19,3,20,20,1,6,12,12,2
Slither,90,62,280,115,4,17,20,15,45,45,0,100,0,95,50,0,0,0,0,0,0,1,0,2,10,0,0,2,50,4,1567,95,18,0,0,16,0,21,5,1,5,3,37,18,13,5,6,15,28,29,4,6,22,12,12,0
Pseudo-Dragon,40,38,69,20,1,12,40,1,100,0,0,0,25,25,0,0,0,0,0,0,0,8,8,8,90,80,70,0,1,6,31,15,12,0,0,9,0,12,6,1,6,0,0,-215,8,22,1,23,25,27,32,10,23,14,14,1
Firagon,86,50,70,35,1,12,30,3,100,0,0,0,25,25,0,0,0,0,0,0,0,8,0,42,60,55,10,1,3,6,31,25,12,0,0,11,0,12,6,1,6,0,0,1,16,21,8,16,13,3,-346,15,3,14,14,2
Pelagon,108,88,71,45,1,12,35,4,100,0,0,0,25,25,0,0,0,0,0,0,0,8,0,50,60,55,10,1,3,6,671,30,14,0,0,12,0,14,6,1,6,0,0,19,3,1,26,5,1,1,11,25,14,15,15,2
Hydra,108,100,72,40,2,24,35,4,100,0,0,0,25,25,0,0,0,0,0,0,0,264,0,3,60,55,10,2,3,6,31,30,15,0,0,12,0,15,6,1,6,3,0,14,9,30,14,5,14,1,14,11,8,14,14,2
Flame Dragon,356,300,308,125,1,59,35,4,100,0,0,0,25,25,0,0,0,0,0,0,24,8,0,0,60,55,10,2,1,6,31,100,27,0,0,18,0,20,6,1,6,3,0,32,4,25,21,22,6,1,22,8,16,69,69,2
Silver Dragon,128,138,73,55,1,81,30,5,100,0,0,0,25,25,0,0,0,0,0,0,16,8,0,8,60,55,10,1,3,6,671,40,15,0,0,13,0,14,6,1,6,3,0,1,29,10,14,16,16,0,16,1,20,14,14,3
Blue Pelagon,146,150,74,65,2,24,30,6,0,100,0,0,25,25,0,0,0,0,0,0,16,16,0,50,60,55,10,2,4,6,927,40,17,0,0,14,0,15,6,1,6,0,0,3,5,6,19,5,14,5,19,17,8,15,15,4
Black Pelagon,146,150,75,75,1,81,30,6,100,0,0,0,25,25,0,0,0,0,0,0,16,8,0,3,60,55,10,2,2,6,703,40,18,0,0,14,0,15,6,1,6,3,0,16,1,8,29,21,8,2,9,21,14,15,15,4
Gold Pelagon,163,175,76,95,1,81,30,7,100,0,0,0,25,25,0,0,0,0,0,0,16,8,0,25,60,55,10,2,2,6,827,65,20,0,0,15,0,15,6,1,6,3,0,1,8,13,4,28,17,11,5,32,-347,15,15,4
Drey Dragon,266,231,77,150,1,59,30,8,100,100,50,0,25,25,0,0,0,0,0,0,25,24,8,3,60,55,25,1,1,6,2047,120,18,0,0,16,0,20,6,1,6,3,0,1,8,6,3,1,27,8,26,9,3,48,48,2
Mundragon,164,219,78,165,1,41,30,9,100,0,50,0,25,25,0,0,0,0,0,0,16,8,0,50,60,55,25,1,6,6,2047,95,21,0,0,17,0,21,6,1,6,3,0,8,13,11,16,0,15,8,9,16,23,48,48,4
White Dragon,217,250,224,170,1,81,30,11,0,100,0,0,25,25,0,0,0,0,0,0,16,16,0,50,60,55,25,1,4,6,2047,115,18,0,0,17,0,18,6,1,6,3,0,20,21,9,16,3,16,23,20,10,20,14,14,2
Shadow Dragon,247,240,393,210,1,81,30,12,0,100,0,0,25,25,0,0,0,0,0,0,27,16,2,5,60,60,35,2,3,6,2047,125,20,0,0,19,0,30,6,1,6,3,0,32,3,18,21,20,31,19,7,29,1,14,14,4
Ice Dragon,249,312,239,195,1,24,30,13,0,100,50,0,25,25,0,0,0,0,0,0,16,16,0,50,60,55,25,1,4,6,2047,135,21,0,0,18,0,16,6,1,6,3,0,1,13,8,6,-1,9,6,17,20,0,14,14,3
Spectral Dragon,388,312,244,265,1,12,30,14,100,0,0,0,25,25,0,0,0,0,0,0,16,8,0,50,60,55,25,2,4,6,2047,175,30,0,0,18,0,18,6,1,6,3,0,1,16,20,30,23,-1,19,15,3,9,14,14,4
Dragon King,725,375,261,750,3,61,30,15,100,0,0,0,25,25,0,0,0,0,0,0,24,1032,1,3,60,55,25,1,1,6,2047,350,44,0,0,20,0,25,6,2,6,1,0,-194,16,18,22,10,5,28,29,5,8,14,14,5
Dragon Queen,550,312,262,500,3,61,30,15,100,0,50,0,25,25,0,0,0,0,0,0,24,8,1,8,60,55,25,1,1,6,2047,250,38,0,0,17,0,21,6,2,6,0,0,1,14,15,30,13,1,1,19,13,13,14,14,4
Sun Dragon,550,312,273,275,1,81,30,15,100,0,100,0,25,25,0,0,0,0,0,0,16,72,0,54,60,55,25,1,2,6,2047,200,31,0,0,18,0,25,6,1,6,3,0,10,16,25,16,9,8,15,30,10,14,14,14,4
Black Bear,25,6,79,10,1,5,20,1,10,10,0,50,0,0,0,0,0,0,0,0,0,0,0,66,0,0,0,1,2,2,0,2,8,0,0,9,0,10,7,1,7,0,0,5,4,7,22,24,1,1,4,14,-1,16,16,3
Giant Owl,26,25,80,5,1,18,20,1,0,0,0,0,0,0,0,0,0,0,0,0,0,0,0,66,0,0,0,1,2,2,0,2,8,0,0,9,0,11,7,1,7,0,0,6,24,21,29,14,27,16,20,1,1,17,17,2
Tengu,77,62,81,40,1,82,20,1,0,0,0,100,0,50,50,100,100,0,0,0,1,3,0,1,70,60,50,1,1,4,31,2,17,0,0,9,0,16,7,1,7,0,0,16,13,9,7,29,-256,32,-256,16,6,56,56,3
Brown Tyke,15,15,315,7,1,28,0,1,0,0,0,0,0,0,0,0,0,0,0,0,2,0,0,35,0,0,0,1,2,2,31,2,10,0,0,9,0,10,7,1,7,0,0,-1,-1,-1,-1,-1,-1,32,-1,-1,-1,18,18,3
Snook,25,15,325,7,1,50,0,1,0,0,0,0,0,0,0,0,0,0,0,0,0,0,0,25,0,0,0,1,2,2,31,2,6,0,0,9,0,16,7,1,7,0,0,-1,-1,-1,-1,-1,-1,-1,-1,-1,-1,91,91,3
Large Rat,15,5,372,3,1,50,0,1,0,0,0,0,50,0,0,0,0,0,0,0,0,2,0,33,0,10,0,1,3,2,31,1,6,0,0,8,0,12,7,1,7,3,0,-1,-1,-1,-1,-1,-1,-1,-1,-1,-1,78,78,1
Giant Badger,40,25,82,25,1,5,20,2,0,0,0,100,0,0,0,0,0,0,0,0,0,0,0,33,20,10,0,2,3,4,31,15,12,0,0,10,0,12,7,1,7,0,0,4,19,1,23,1,14,30,20,19,16,16,16,2
Dungeon Bear,40,38,83,25,1,5,20,2,0,0,0,100,0,50,50,0,0,0,0,0,0,0,0,42,20,10,0,2,2,4,31,10,11,0,0,10,0,14,7,1,7,0,0,32,13,3,5,9,4,4,10,14,19,16,16,2
Razor Boar,55,38,84,30,1,49,20,2,0,0,0,100,0,50,50,0,0,0,0,0,0,0,0,8,20,10,0,2,2,4,31,10,12,0,0,10,0,14,7,1,7,0,0,17,15,17,1,27,4,22,15,7,11,79,79,2
Cave Bear,48,62,85,30,1,5,20,2,0,0,0,100,0,50,0,0,0,0,0,0,0,0,0,8,20,10,0,1,2,4,31,15,12,0,0,10,0,12,7,1,7,0,0,1,23,29,10,8,23,19,20,-1,3,16,16,2
Pandrun,86,88,86,35,1,5,20,3,50,50,0,100,0,0,0,0,0,0,0,0,0,0,0,66,20,10,0,1,2,4,31,20,12,0,0,11,0,12,7,1,7,0,0,19,23,4,4,8,4,14,16,21,8,38,38,2
Giant Slug,82,62,87,250,1,6,20,3,0,0,0,100,0,50,50,0,0,0,0,0,0,32,0,3,0,0,0,1,1,2,31,25,15,0,0,11,0,4,7,1,7,0,0,-1,-1,-1,-1,-1,-1,-1,-1,-1,-1,7,7,2
Scylla,137,88,292,40,1,39,20,3,0,0,0,0,0,0,50,0,0,0,0,0,8,0,0,8,0,0,0,2,3,4,0,25,15,0,0,11,0,4,7,1,7,0,0,10,11,16,2,16,11,8,8,-1,5,64,64,2
Spotted Tyke,82,56,304,40,1,28,20,3,0,0,0,0,0,0,50,0,0,0,0,0,0,0,0,25,0,0,0,0,2,3,0,20,15,0,0,11,0,4,7,1,7,0,0,17,3,15,15,14,4,4,3,4,9,18,18,2
Ergu,75,100,326,35,2,50,20,3,0,0,0,0,0,0,50,0,0,0,0,0,0,0,0,15,0,0,0,0,3,2,0,25,12,0,0,11,0,18,7,1,7,0,0,0,20,-1,1,32,7,8,17,23,32,91,91,2
Giant Raven,45,31,344,30,3,18,20,3,0,0,0,0,0,0,0,0,0,0,0,0,1,8192,0,35,0,10,0,1,4,3,31,33,9,0,0,11,0,13,7,1,7,3,0,2,32,21,23,27,26,12,29,22,1,17,17,2
Falcon Wolf,108,88,88,30,1,28,20,4,0,0,0,100,0,0,0,0,0,0,0,0,0,0,0,50,0,0,0,0,3,4,31,30,15,0,0,12,0,15,7,1,7,0,0,11,8,7,4,3,1,24,10,8,14,18,18,2
Carrion Crawler,78,75,89,60,1,27,20,4,0,0,0,100,90,90,50,0,0,0,0,0,0,3,0,8,25,5,0,2,3,4,31,30,15,0,0,12,0,15,7,1,7,0,0,10,21,13,1,11,5,10,17,16,-1,19,19,2
Giant Leech,152,12,90,35,4,27,20,4,0,0,0,100,100,50,90,0,0,0,0,0,0,1,0,3,0,0,0,2,7,3,31,65,24,0,0,12,0,18,7,1,7,3,0,20,5,4,0,7,4,4,7,4,4,19,19,1
Giant Boar,108,69,91,65,1,49,20,4,0,0,0,20,0,0,0,0,0,0,0,0,0,0,0,25,0,0,0,2,4,4,31,40,24,0,0,12,0,18,7,1,7,0,0,19,14,17,19,0,13,15,20,3,4,79,79,2
Havannan Lion,128,112,92,65,2,5,20,5,0,0,0,80,0,0,50,0,0,0,0,0,0,0,0,50,15,5,0,1,2,4,31,40,15,0,0,13,0,15,7,1,7,0,0,20,1,29,27,8,15,26,7,14,19,16,16,2
Hell Hound,95,75,93,40,2,28,20,5,100,0,0,20,0,0,0,0,0,0,0,0,0,8,0,17,15,5,0,2,2,4,31,40,15,0,0,13,0,15,7,1,7,3,0,29,20,11,8,8,8,21,4,6,21,18,18,2
Vampire Bat,95,12,94,10,2,18,20,5,0,0,0,20,100,50,50,0,0,100,0,0,0,128,0,17,0,0,0,2,7,2,31,40,10,0,0,13,0,15,7,1,7,3,0,18,4,11,4,16,0,11,3,9,32,17,17,0
Grey Pandrun,146,125,95,80,2,5,20,6,35,0,35,20,0,50,50,0,0,100,0,0,0,0,0,54,0,0,0,1,3,2,31,55,17,0,0,14,0,15,7,1,7,0,0,20,1,13,15,19,14,14,23,8,22,38,38,2
Giant Wolverine,146,125,96,80,1,5,20,6,35,0,35,20,0,50,50,0,45,100,25,0,0,0,0,8,0,0,0,1,2,3,31,55,20,0,0,14,0,15,7,1,7,0,0,10,14,14,3,15,15,18,4,7,30,53,53,2
Rabid Snook,250,5,327,55,1,50,20,6,0,0,0,0,0,0,0,0,0,0,0,0,0,0,0,2,0,0,0,1,6,3,31,55,20,0,0,14,0,15,7,1,7,0,0,10,6,13,4,32,5,24,30,26,15,91,91,2
Silver Bear,163,138,97,80,2,5,20,7,35,0,35,20,0,50,50,0,45,100,25,0,0,1024,0,8,0,0,0,1,4,3,31,60,17,0,0,15,0,15,7,1,7,0,0,11,11,5,22,14,15,-1,19,16,13,16,16,2
Yundrun,163,162,98,90,2,5,20,7,35,0,35,20,0,50,50,0,45,100,25,0,0,0,0,50,0,0,0,1,3,3,31,75,18,0,0,15,0,15,7,1,7,0,0,17,15,13,29,15,8,10,27,4,11,38,38,2
Black Wolf,109,76,375,90,3,28,20,7,0,0,0,0,15,15,0,0,0,0,0,0,1,1,0,25,0,20,5,1,5,3,31,75,15,0,0,15,0,15,7,1,7,0,0,25,12,10,6,14,4,27,5,6,31,18,18,2
Brown Bear,176,169,99,85,2,5,20,8,35,0,35,20,0,50,50,0,45,100,25,0,0,1024,0,50,0,0,0,1,2,3,31,80,18,0,0,16,0,18,7,1,7,0,0,30,1,13,1,11,13,15,14,1,16,16,16,2
Stalker,266,188,100,80,3,39,20,8,35,0,35,20,0,50,50,0,45,100,25,0,19,3072,0,3,15,10,5,2,1,3,31,100,21,0,0,16,0,17,7,1,7,0,0,11,11,4,21,25,21,26,14,17,29,49,16,2
Death Hawk,193,113,345,142,4,18,20,8,35,70,35,20,0,50,50,0,45,25,25,0,3,1024,0,11,0,10,5,1,2,4,31,94,23,0,0,15,0,17,7,1,7,3,0,27,12,22,17,5,31,3,29,19,30,17,17,2
Mordun Pandrun,207,219,101,120,3,5,20,9,0,0,35,0,0,50,0,0,45,0,25,0,0,0,0,50,15,10,5,1,4,4,31,105,20,0,0,17,0,17,7,1,7,0,0,26,9,5,8,27,25,19,17,9,25,38,38,2
Burrow,150,150,314,95,2,49,20,9,0,0,0,0,0,50,0,0,45,0,0,0,0,0,0,50,0,10,5,1,8,4,31,75,16,0,0,12,0,15,7,1,7,3,0,-1,-1,-1,-1,-1,-1,-1,-1,-1,-1,79,79,2
Frost Bear,196,250,202,130,1,5,20,10,0,100,0,20,0,0,0,0,0,0,0,0,0,16,0,50,15,10,5,1,2,3,31,95,21,0,0,20,0,18,7,1,7,0,0,0,9,31,0,3,22,30,16,21,1,16,16,2
Black Yundrun,281,262,203,150,3,5,20,10,35,0,35,20,0,50,0,0,45,0,25,0,0,0,0,50,15,10,5,1,2,3,31,125,21,0,0,17,0,18,7,1,7,0,0,19,13,8,5,21,10,4,28,29,1,38,38,2
Silent Eagle,388,312,225,350,4,18,20,11,0,0,0,0,0,0,0,0,0,100,0,0,17,1024,0,3,45,30,15,1,4,5,31,95,31,0,0,18,0,18,7,1,7,3,0,23,8,1,5,-1,1,30,17,8,30,17,17,1
Beechi,150,5,328,100,2,50,20,11,0,0,0,0,0,0,0,0,0,100,0,0,0,0,0,25,0,0,5,1,6,5,31,55,15,0,0,18,0,21,7,1,7,3,0,23,21,3,3,24,28,31,13,0,6,91,91,1
Shadow Wolf,173,142,354,161,4,28,20,11,0,0,0,0,25,25,0,0,15,25,0,0,3,3,0,15,0,24,23,2,3,4,31,97,20,0,0,17,0,18,7,1,7,3,0,11,13,30,27,11,27,14,4,9,31,18,18,3
Iron Bear,265,312,233,210,1,5,20,12,35,0,35,20,0,50,0,0,0,0,0,0,16,0,0,50,15,10,5,1,2,4,31,105,21,0,0,17,0,18,7,1,7,0,0,1,16,5,4,1,15,23,6,-1,29,16,16,2
Golden Eagle,555,312,251,400,2,18,20,14,0,50,35,0,0,0,0,0,0,100,0,0,1,1024,0,3,45,30,20,1,6,5,31,135,38,0,0,20,0,20,7,1,7,3,0,16,27,3,19,22,9,1,14,17,26,17,17,1
Death Stalker,800,188,257,490,2,39,20,15,0,50,50,80,0,50,0,0,45,0,25,0,0,3072,0,42,45,25,10,2,1,4,31,250,21,0,0,12,0,25,7,1,7,190,100,16,8,3,11,15,8,20,15,22,16,49,49,3
Giant Spider,12,6,102,7,1,1,20,1,0,0,0,100,0,100,0,0,0,0,0,0,0,1,0,66,0,0,0,1,2,2,0,2,8,0,0,9,0,10,8,1,8,0,0,22,5,21,19,1,29,5,23,16,10,20,20,2
Giant Centipede,12,6,103,5,1,23,20,1,0,0,0,100,0,100,0,0,0,0,0,0,0,1,0,66,0,0,0,1,2,2,0,2,8,0,0,9,0,10,8,1,8,0,0,29,3,13,27,3,19,24,4,11,-1,35,35,2
Ant,19,6,104,10,4,32,20,2,0,0,0,100,0,100,0,0,0,0,0,0,0,1,0,17,0,0,0,1,12,2,0,2,10,0,0,10,0,12,8,1,8,3,0,-1,-1,-1,-1,-1,-1,-1,-1,-1,-1,34,34,0
Arthropod,48,6,291,25,2,1,20,2,0,0,0,100,0,100,0,0,0,0,0,0,0,1,0,42,0,0,0,1,2,2,0,10,10,0,0,10,0,12,8,1,8,0,0,-1,-1,-1,-1,-1,-1,-1,-1,-1,-1,20,20,0
Drey Spider,86,12,105,20,1,1,20,3,0,0,0,100,0,100,0,0,0,0,0,0,0,1,0,25,0,0,0,1,6,3,0,10,11,0,0,11,0,14,8,1,8,0,0,17,11,13,8,9,8,14,16,16,14,20,20,1
Giant Beetle,71,62,106,25,1,32,20,3,0,0,0,100,0,100,0,0,0,0,0,0,0,0,0,8,0,0,0,1,2,3,0,15,11,0,0,11,0,14,8,1,8,0,0,14,20,8,26,15,6,10,4,20,26,21,21,2
Graï¿½l Mosquito,100,1,343,1,4,26,5,3,0,0,0,0,0,0,0,0,0,0,0,0,0,0,0,3,0,0,0,1,10,3,0,5,1,0,0,1,0,25,8,1,8,3,0,-1,-1,-1,-1,-1,-1,-1,-1,-1,-1,50,50,0
Giant Ant,47,75,107,30,2,32,20,4,0,0,0,100,0,100,0,0,0,0,0,0,0,1,0,42,0,0,0,1,4,3,0,20,14,0,0,12,0,13,8,1,8,3,0,16,14,19,8,28,30,15,14,4,4,34,34,2
Giant Scorpion,121,75,108,35,1,31,20,4,0,0,0,100,0,100,0,0,0,0,0,0,0,5,0,8,0,0,0,1,3,3,0,20,14,0,0,12,0,13,8,1,8,3,0,27,4,20,15,6,5,20,16,3,13,22,22,2
Fire Ant,108,50,109,30,1,32,20,4,100,0,0,100,0,100,0,0,0,0,0,0,0,9,0,8,0,0,0,1,4,3,0,20,14,0,0,12,0,13,8,1,8,3,0,4,24,2,19,20,5,16,3,1,19,34,34,1
Fire Centipede,128,62,110,40,1,23,20,5,100,0,0,100,0,100,0,0,0,0,0,0,0,9,0,8,0,0,0,1,2,3,0,25,14,0,0,13,0,13,8,1,8,3,0,11,15,16,1,3,14,3,13,9,23,35,35,1
Orp,91,75,111,45,3,32,20,6,0,0,0,100,0,100,0,0,0,0,0,0,0,8193,0,46,0,0,0,1,6,3,0,35,15,0,0,14,0,16,8,1,8,3,0,-1,14,26,21,-1,29,8,16,32,8,39,39,0
Fire Beetle,146,94,112,52,1,32,20,6,100,0,0,100,0,100,0,0,0,0,0,0,0,9,0,8,0,0,0,1,4,3,0,45,15,0,0,14,0,16,8,1,8,3,0,4,9,22,6,20,4,21,11,3,19,21,21,1
Giant Hornet,87,131,113,45,3,26,20,7,0,0,0,100,0,100,0,0,0,0,0,0,0,1,0,25,0,0,0,1,10,3,0,45,14,0,0,15,0,20,8,1,8,3,0,27,20,-1,5,11,9,11,27,14,14,50,50,1
Earwig,100,150,114,55,3,32,20,8,0,0,0,100,0,100,0,0,0,0,0,0,0,1,0,50,0,0,0,1,6,3,0,40,14,0,0,16,0,18,8,1,8,1,0,19,17,19,8,1,5,0,8,16,-1,39,39,1
Giant Wasp,100,144,115,55,3,26,20,8,0,0,0,100,0,100,0,0,0,0,0,0,0,1,0,50,0,0,0,1,10,3,0,50,15,0,0,16,0,20,8,1,8,1,0,3,32,8,21,27,8,13,26,14,29,50,50,2
Rot Grub,78,6,116,12,1,27,20,9,0,0,0,100,0,100,0,0,0,0,0,0,0,2,0,3,0,0,0,2,50,2,0,15,15,0,0,17,0,20,8,1,8,3,0,0,11,4,11,0,14,-1,14,9,9,13,13,0
Crystal Spider,180,156,204,125,1,1,20,10,0,0,0,100,0,100,0,0,0,0,0,0,0,0,0,54,0,0,0,1,4,2,0,50,18,0,0,17,0,20,8,1,8,0,0,16,25,3,8,-1,5,3,19,6,2,20,20,1
Giant Silverfish,239,6,205,135,2,32,20,10,0,0,0,100,0,100,0,0,0,0,0,0,0,0,0,3,0,0,0,2,8,2,0,95,24,0,0,15,0,30,8,1,8,3,0,-1,-1,-1,-1,-1,-1,-1,-1,-1,-1,39,39,2
Wolf Spider,225,312,226,220,4,1,20,11,0,0,0,100,0,100,0,0,0,0,0,0,0,1,0,25,0,0,0,2,1,2,0,105,31,0,0,17,0,25,8,1,8,3,0,24,6,28,14,15,8,29,7,15,15,20,20,2
Tarantula,201,250,245,120,3,1,20,13,0,0,0,100,0,100,0,0,0,0,0,0,0,1,0,42,0,0,0,2,12,2,0,105,21,0,0,12,0,15,8,1,8,3,0,-1,-1,-1,-1,-1,-1,-1,-1,-1,-1,20,20,1
Shadow Sting,401,170,394,305,3,31,20,15,0,0,0,100,0,100,0,0,0,0,0,0,2,1025,0,15,0,15,5,2,8,3,2047,105,23,0,0,18,0,44,8,1,8,3,0,-1,-1,-1,-1,-1,-1,-1,-1,-1,-1,20,20,1
Zombie,55,12,117,12,1,22,20,1,0,0,0,50,100,0,0,0,0,0,0,0,0,2,0,66,60,40,5,2,2,4,31,5,11,0,0,9,0,10,9,1,9,0,0,22,0,16,1,8,25,5,20,4,-211,23,23,2
Hiksae,33,12,118,15,1,22,20,1,0,0,0,50,0,0,0,0,0,0,0,0,0,2,0,17,60,40,5,2,2,4,31,10,12,0,0,9,0,10,9,1,9,0,0,25,-1,21,5,23,17,-211,3,20,14,23,23,2
Skeleton,26,6,119,5,1,44,20,1,0,0,0,100,0,0,0,0,0,0,0,0,0,0,0,66,50,30,5,2,2,4,15,2,11,0,0,9,0,10,9,1,9,0,0,22,8,8,7,4,13,32,15,-211,-1,23,23,2
Mummy,60,38,120,20,1,22,20,2,0,0,0,100,0,0,0,0,0,0,0,0,0,5,0,8,40,20,5,2,2,4,15,10,11,0,0,10,0,12,9,1,9,0,0,25,15,20,24,23,8,21,-1,1,22,23,23,2
Milsae,60,56,121,20,1,22,20,2,0,0,0,0,100,0,0,0,50,0,0,0,0,2,0,50,40,20,5,2,2,4,15,10,11,0,0,10,0,12,9,1,9,0,0,3,20,-211,16,13,4,25,24,23,8,23,23,2
Warrior Spirit,77,75,122,35,1,29,20,3,0,0,0,100,0,0,0,0,0,0,0,0,3,0,0,25,40,20,5,1,2,4,15,20,12,0,0,11,0,14,9,1,9,0,0,8,16,14,16,1,6,11,-211,16,3,24,24,2
Munsae,92,62,123,45,1,8,20,3,0,0,0,0,100,0,0,0,0,0,0,0,0,130,0,50,40,20,5,2,3,4,527,25,14,0,0,11,0,16,9,1,9,1,0,6,19,13,19,-1,17,25,-211,22,29,23,23,2
Wraith,108,100,124,45,2,20,20,4,0,50,0,25,100,0,0,0,50,0,0,0,0,134,0,25,40,20,5,2,3,4,911,35,14,0,0,12,0,16,9,1,9,0,0,-211,19,11,8,10,21,1,20,3,-211,24,24,2
Walking Corpse,88,88,125,35,1,22,20,4,0,50,0,50,100,0,0,0,50,0,0,0,5,2,0,3,40,20,5,2,4,4,527,35,14,0,0,12,0,16,9,1,9,0,0,0,8,5,20,2,-1,15,1,16,-211,24,24,2
Ghost,128,112,126,45,2,38,20,5,0,0,0,0,100,0,0,0,50,90,0,0,16,130,0,42,40,20,5,2,3,4,911,45,15,0,0,13,0,16,9,1,9,0,0,30,6,7,9,25,25,13,3,-211,1,24,24,2
Spook,116,81,305,65,1,47,20,5,50,50,0,0,0,0,0,0,0,0,0,0,0,0,0,42,40,30,15,2,3,4,769,45,15,0,0,13,0,16,9,1,9,0,0,27,7,29,30,6,3,15,28,19,25,24,24,2
Ransae,146,138,127,75,3,8,20,6,15,0,0,90,100,0,25,0,50,90,0,0,1,130,0,46,30,20,5,2,2,4,1551,65,17,0,0,14,0,16,9,1,9,0,0,18,20,16,13,1,4,8,10,13,19,23,23,2
Evil Spirit,201,112,306,75,1,38,20,6,25,0,50,0,0,0,25,0,50,90,0,0,3,130,0,3,50,40,30,2,2,4,1551,75,18,0,0,14,0,16,9,1,9,0,0,11,4,21,15,17,14,2,14,6,19,24,24,2
Drakul,163,156,128,95,2,46,20,7,15,0,0,90,100,0,25,0,50,90,0,0,3,134,0,8,30,20,10,2,3,4,1935,75,18,0,0,15,0,18,9,1,9,0,354,14,15,15,4,6,22,7,1,5,13,51,24,2
Shuman Munsae,163,144,129,85,3,8,20,7,15,0,0,90,100,0,25,0,50,90,0,0,1,130,0,50,30,20,5,2,3,4,1551,70,18,0,0,15,0,16,9,1,9,0,0,13,9,4,8,19,26,14,21,8,9,23,23,2
Eidolan Phantasm,176,162,130,115,3,47,20,8,15,0,0,90,100,0,25,0,50,90,0,0,3,130,0,8,30,20,5,2,2,4,951,80,20,0,0,16,0,18,9,1,9,0,0,11,18,13,11,14,21,6,4,4,22,51,51,2
Corpser,191,188,281,145,1,22,20,9,15,0,0,90,0,0,0,0,50,90,0,0,8,128,0,8,45,30,15,2,4,4,543,80,20,0,0,16,0,18,9,1,9,0,0,0,18,1,28,1,29,28,22,13,20,24,24,2
Ghoul,230,219,206,115,3,20,0,10,0,0,0,0,100,0,25,0,50,90,0,0,19,134,0,25,45,30,15,2,2,4,757,105,21,0,0,17,0,28,9,1,9,0,0,1,1,5,14,4,19,23,20,14,19,51,51,2
Asteryex,172,625,207,850,1,76,20,10,100,100,0,90,100,100,100,0,100,100,100,0,0,256,0,2,90,80,70,1,1,4,0,400,12,0,0,12,0,12,9,1,9,3,0,29,22,6,16,16,8,7,4,19,9,62,62,2
Banshee,241,225,216,165,2,9,20,11,0,0,0,0,100,0,0,0,50,90,0,0,19,130,0,50,30,20,5,2,2,4,982,80,20,0,0,16,0,18,9,1,9,0,0,4,16,22,23,4,11,24,3,14,30,51,51,2
Vampire,275,263,355,235,3,46,30,11,25,0,0,95,100,0,45,0,75,95,0,0,11,134,0,6,30,40,25,2,2,5,857,162,28,0,0,16,0,25,9,1,7,198,354,1,25,31,26,27,9,10,13,-41,32,51,18,2
Minion of Death,265,312,223,190,3,62,20,12,0,0,0,0,100,0,0,0,50,100,0,0,27,646,0,3,50,30,15,2,1,4,991,150,23,0,0,16,0,19,9,1,9,1,0,25,4,15,9,9,8,8,8,1,11,24,51,2
Lich,449,250,286,215,1,8,20,13,0,50,0,50,100,100,0,0,50,90,0,0,19,130,0,15,40,30,15,2,2,4,959,80,28,0,0,16,0,18,9,1,9,3,0,6,1,14,16,10,15,19,9,3,16,24,24,2
Angel of Death,265,312,235,250,4,62,20,14,15,0,0,90,100,0,25,0,50,90,0,0,19,1154,0,3,45,40,35,2,1,4,951,125,24,0,0,16,0,18,9,1,9,0,0,8,14,1,28,16,10,4,30,3,23,24,51,2
Etholan Phantasm,249,238,248,190,3,21,20,14,0,0,0,0,100,0,0,0,50,90,0,0,0,128,0,42,30,20,5,2,3,4,951,125,21,0,0,16,0,18,9,1,9,0,0,-1,30,7,19,21,16,8,21,7,28,51,51,2
Night Screamer,217,188,255,210,1,20,20,14,50,0,0,90,100,0,25,0,50,90,0,0,0,0,0,17,30,20,5,2,2,4,25,50,20,0,0,16,0,18,9,1,9,0,0,26,10,18,32,13,14,13,16,6,2,51,51,2
Vampire Lord,490,385,356,692,4,57,40,15,50,0,0,100,100,0,75,0,95,100,0,0,27,1158,8,3,30,50,73,2,1,6,1883,240,43,0,0,21,0,32,9,1,9,244,355,23,32,1,15,17,10,26,19,13,30,51,51,2
Reaper of Souls,725,750,276,1250,4,55,20,16,0,0,0,0,100,0,0,0,50,0,0,0,27,1670,0,3,60,40,30,2,1,4,2047,275,40,0,0,21,0,19,9,2,9,0,0,16,31,-1,11,21,-1,13,0,13,4,24,24,3
Giant Frog,23,12,131,12,1,15,20,1,0,0,0,0,0,0,0,0,0,0,0,0,0,0,0,66,0,0,0,1,2,2,0,2,11,0,0,9,0,10,10,1,10,0,0,21,11,21,6,14,1,26,16,23,8,25,25,2
Kyu Hetha,26,6,132,15,1,15,20,1,0,0,0,0,0,0,0,0,0,0,0,0,0,0,0,66,60,45,5,1,2,4,31,7,11,0,0,9,0,10,10,1,10,2,0,-1,4,17,14,9,19,23,4,9,20,26,25,2
Kyu Yetro,40,38,133,20,2,15,20,1,0,0,0,0,0,0,0,0,0,0,0,0,0,0,0,17,60,50,40,2,2,4,31,15,15,0,0,9,0,10,10,1,10,0,0,4,13,20,29,1,4,10,16,14,19,26,26,2
Kyu Ianmo,55,56,134,30,3,15,20,2,0,0,0,0,0,0,0,0,0,0,0,0,0,0,0,50,60,50,40,2,2,4,31,15,15,0,0,10,0,13,10,1,10,0,0,4,13,22,8,16,14,16,3,29,23,26,26,2
Dungeon Pike,55,56,370,25,2,54,20,2,0,0,0,0,0,0,0,0,0,0,0,0,0,0,0,25,0,20,0,1,3,4,31,12,10,0,0,6,0,12,10,1,10,3,0,8,23,1,27,16,21,14,6,22,13,75,75,2
Ice Demon,86,69,135,30,2,15,20,3,0,50,0,0,0,0,0,0,0,0,0,0,16,16,0,25,60,50,40,2,3,4,31,25,15,0,0,11,0,13,10,1,10,0,0,27,5,26,20,32,14,5,14,6,16,26,26,2
Alligator,104,44,293,35,2,35,20,3,0,0,0,0,0,0,0,0,0,0,0,0,0,0,0,46,0,0,0,1,2,2,1,25,14,0,0,11,0,11,10,1,10,3,0,-1,-1,-1,-1,-1,-1,-1,-1,-1,-1,27,27,2
Black Eel,108,81,136,30,2,35,20,4,0,0,90,0,0,0,0,0,0,0,0,0,0,64,0,17,0,0,0,2,2,4,31,35,17,0,0,12,0,13,10,1,10,3,0,16,1,7,4,19,3,1,11,29,11,27,27,1
Kyu Hota,128,112,137,45,3,15,20,5,0,0,0,0,0,0,0,0,0,0,0,0,0,0,0,54,60,50,40,2,4,4,415,45,15,0,0,13,0,16,10,1,10,0,0,14,15,14,16,25,30,4,1,15,29,26,26,2
Tiger Shark,132,72,369,33,4,54,20,5,0,0,0,0,0,0,0,0,0,0,0,0,1,0,0,26,0,25,5,1,3,4,415,49,12,0,0,13,0,16,10,1,10,3,0,0,0,20,5,22,7,21,17,1,20,75,75,2
Giant Crocodile,120,106,138,50,4,35,20,6,0,0,0,0,0,0,0,0,0,0,0,0,0,0,0,17,30,15,5,2,6,4,31,55,17,0,0,14,0,16,10,1,10,3,0,4,16,4,20,19,7,6,11,4,11,27,27,3
Kyu Nardana,163,138,139,65,3,15,20,7,0,0,0,0,0,0,0,0,0,0,0,0,1,0,0,46,60,30,20,1,4,4,319,65,17,0,0,15,0,16,10,1,10,0,0,17,8,30,14,24,6,28,21,14,22,26,26,2
Water Snake,176,131,140,95,2,35,20,8,0,75,50,0,0,95,0,0,0,15,0,0,16,1,0,25,20,10,0,1,4,4,319,65,18,0,0,16,0,18,10,1,10,3,0,5,20,3,25,10,25,1,16,5,21,27,27,2
Hammerhead Shark,187,103,359,95,4,54,20,9,0,0,50,0,0,0,0,0,0,0,0,0,1,1024,0,15,20,10,5,1,3,3,319,90,15,0,0,15,0,19,10,1,10,3,0,22,8,31,28,29,12,13,18,0,0,75,75,3
Lamurian Outcast,170,210,386,104,2,79,20,9,25,15,5,15,20,20,5,15,40,0,0,0,0,8192,0,25,0,45,30,1,4,4,319,90,17,0,0,15,0,16,10,1,10,3,0,4,22,28,21,5,2,9,21,4,7,81,81,2
Kyu t'Salli,163,188,208,125,2,15,20,10,0,0,0,0,0,0,0,0,0,15,0,0,0,0,0,46,40,30,20,1,3,4,415,95,20,0,0,16,0,18,10,1,10,0,0,5,7,22,21,1,30,8,26,13,16,26,26,2
Water Watcher,281,250,209,175,1,82,20,10,75,75,0,0,0,0,0,0,0,15,0,0,16,0,0,3,40,20,10,1,2,4,319,65,24,0,0,16,0,18,10,1,10,3,0,19,3,9,8,28,4,3,14,20,2,27,27,5
Piranha,350,1,342,1,4,54,20,11,0,0,0,0,0,0,0,0,0,0,0,0,1,0,0,5,0,20,10,1,50,3,319,31,4,0,0,2,0,60,10,1,10,3,0,-1,-1,-1,-1,-1,-1,-1,-1,-1,-1,75,75,0
Lamurian,249,312,236,175,4,79,20,12,25,15,5,15,20,20,5,15,40,15,0,0,0,0,0,46,60,50,40,1,3,4,415,125,18,0,0,18,0,18,10,1,10,0,0,16,4,14,16,3,24,16,21,1,22,81,81,2
Lamurian Scout,265,332,282,250,1,79,20,13,40,25,10,25,20,20,10,15,40,15,0,0,0,0,0,27,90,70,50,1,3,4,2015,150,18,0,0,18,0,22,10,1,10,1,0,1,17,4,3,27,16,30,13,22,14,81,81,2
Dark Shape,450,10,397,500,1,82,20,13,100,100,0,0,0,0,0,0,0,0,0,0,3,64,0,1,0,0,75,1,1,4,2015,250,20,0,0,18,0,25,10,1,10,1,0,34,26,12,16,18,23,0,22,31,11,75,75,5
Dragon Turtle,640,438,247,650,4,82,20,14,100,0,0,90,0,0,50,0,0,15,0,0,25,1032,5,3,80,50,30,1,1,6,2047,265,30,0,0,18,0,20,10,1,10,0,0,16,9,7,19,8,4,1,7,18,16,26,26,5
Lamurian Soldier,280,345,380,275,3,79,25,14,60,40,20,40,20,20,20,15,40,0,0,0,0,1024,0,24,0,60,40,1,4,4,2015,160,20,0,0,20,0,20,10,1,10,3,0,28,11,3,21,22,19,8,28,6,17,81,81,2
Lamurian Guard,305,380,381,300,2,79,30,14,65,45,25,45,20,20,25,15,40,0,0,0,0,1088,0,13,0,40,60,1,6,4,2015,169,21,0,0,21,0,21,10,1,10,3,0,22,9,12,19,21,28,3,6,18,22,81,81,2
Great White,750,250,360,713,4,54,20,15,0,0,0,0,0,0,0,0,0,0,0,0,25,1024,0,8,0,50,25,1,1,4,1023,320,40,0,0,26,0,21,10,1,10,3,0,0,22,19,8,21,20,-1,0,12,1,75,75,4
Lamurian Warrior,380,425,382,350,4,79,30,15,85,60,35,60,20,20,35,15,40,0,0,0,0,1024,0,25,0,50,25,1,4,4,2015,190,23,0,0,23,0,23,10,1,10,3,0,9,13,11,3,21,22,21,19,18,1,81,81,2
Lamurian Mage,325,512,383,290,4,13,30,15,100,100,75,100,20,20,75,15,40,0,0,0,25,2112,127,10,0,60,35,1,2,4,2015,225,21,0,0,23,0,25,10,1,10,2,0,2,22,22,21,21,4,17,1,28,32,81,81,2
Lamurian Lord,580,725,385,590,4,79,30,15,95,70,50,70,20,20,50,15,40,0,0,0,25,1092,4,2,0,30,65,1,1,5,2015,255,28,0,0,28,0,28,10,1.1,10,2,0,-22,3,11,13,15,22,21,3,28,3,81,81,3
Lamurian High Priestess,661,895,384,680,2,80,30,16,100,100,85,100,20,20,85,15,40,0,0,0,25,1092,255,0,0,10,90,1,1,5,2015,315,30,0,0,30,0,27,10,1,10,281,387,-351,-351,2,17,21,22,28,21,12,1,81,75,3
Destroyer of the Deep,800,250,387,920,1,63,10,16,0,0,0,0,0,0,0,0,0,0,95,0,27,3136,0,0,0,50,35,1,1,4,1023,370,50,0,0,32,0,18,10,1.5,10,3,0,32,5,6,21,0,23,5,18,-1,11,75,75,4
Slave Masher,62,38,141,50,4,78,20,1,0,0,0,0,0,0,0,0,0,0,0,0,0,0,0,3,80,70,60,2,1,4,29,5,18,0,0,9,0,12,11,1,11,4,0,15,5,19,8,23,1,9,10,16,4,28,28,3
Horda Giant,80,62,142,30,1,30,20,2,50,50,0,50,0,0,0,0,0,0,0,0,0,0,0,50,80,70,60,1,2,4,31,7,15,0,0,10,0,12,11,1,11,0,0,4,6,2,29,21,20,17,18,0,7,28,28,3
Geeshi,104,69,143,40,1,30,20,3,0,0,0,0,0,0,0,0,0,0,0,0,0,0,0,47,80,70,60,1,2,5,799,20,17,0,0,11,0,13,11,1,11,0,0,6,9,15,25,9,2,7,29,8,11,28,28,3
Morgul,187,56,307,75,2,30,20,4,50,50,50,0,0,0,0,0,50,0,0,0,1,1024,0,3,80,70,60,1,2,5,799,20,18,0,0,11,0,14,11,1,11,0,0,30,18,18,10,17,6,16,10,29,1,68,28,4
Frost Giant,136,119,144,50,2,30,20,5,0,100,0,0,0,0,0,0,0,0,0,0,16,16,0,17,80,50,30,2,2,5,671,50,17,0,0,13,0,14,11,1,11,0,0,16,14,19,14,14,13,17,14,9,21,28,28,4
Kaneeshi,136,131,145,60,2,30,20,5,0,0,0,0,0,0,0,0,0,0,0,0,0,0,0,50,80,50,30,1,2,5,543,50,18,0,0,13,0,14,11,1,11,0,0,19,32,16,8,10,11,8,16,10,6,28,28,4
Cyclops,195,100,399,120,1,78,20,6,25,25,0,0,25,0,0,0,0,0,0,0,16,1024,0,5,80,50,30,1,2,6,543,85,20,0,0,18,0,12,11,1,11,0,0,20,26,10,8,30,8,4,4,7,5,28,28,4
Earth Golemn,163,170,146,120,1,30,20,7,50,50,50,100,0,0,0,100,0,0,0,0,9,0,0,25,80,70,60,1,1,5,1695,65,18,0,0,15,0,14,11,1,11,0,0,9,16,9,5,10,14,14,9,16,6,42,42,4
Stone Golemn,219,181,147,135,1,30,20,8,50,50,50,100,0,0,0,100,0,0,0,0,0,0,0,3,40,30,20,2,3,5,1695,75,21,0,0,16,0,16,11,1,11,0,0,17,2,16,19,14,9,8,10,19,25,42,42,4
Meeshi,176,175,148,145,2,30,20,8,50,50,50,100,0,0,0,100,0,0,0,0,16,0,0,50,50,30,20,1,3,5,1695,85,21,0,0,16,0,16,11,1,11,0,0,28,1,27,8,4,2,16,11,16,14,28,28,4
Fire Golemn,188,200,149,145,2,30,20,9,100,0,50,100,0,0,0,100,0,0,0,0,16,8,0,25,50,30,20,1,2,5,1727,105,23,0,0,17,0,15,11,1,11,0,0,3,20,14,30,3,1,8,8,17,15,42,42,4
Lava Giant,213,238,210,195,1,30,20,10,100,0,50,0,0,0,0,0,0,0,0,0,16,8,0,42,50,30,20,1,2,4,1727,105,23,0,0,17,0,15,11,1,11,0,0,14,21,15,5,22,29,13,10,30,13,28,28,4
Giant King,345,212,357,750,1,70,50,10,75,75,50,0,0,0,50,100,25,0,0,0,8,1024,0,0,0,30,70,1,1,6,2047,245,42,0,0,28,0,19,11,1.2,11,0,0,-332,-332,7,16,10,11,20,13,32,28,28,28,5
Emerald Golemn,225,250,237,210,1,30,20,13,50,50,50,100,0,0,0,100,0,0,0,0,16,0,0,8,50,30,20,1,2,4,1727,125,23,0,0,17,0,15,11,1,11,0,0,9,24,14,8,16,8,14,1,13,1,42,42,4
Ogre,249,262,243,195,1,30,20,13,50,50,0,0,0,0,0,0,0,0,0,0,16,0,0,60,50,30,20,1,6,4,1727,135,21,0,0,17,0,18,11,1,11,0,0,1,28,24,9,17,5,28,19,5,8,28,28,4
Shadow Golem,279,241,395,235,1,30,20,14,50,50,0,0,0,0,0,0,0,0,0,0,18,0,0,4,50,30,20,2,3,4,1727,145,23,0,0,18,0,33,11,1,11,0,0,25,32,15,31,5,16,12,20,0,11,28,28,4
Charon,474,325,259,550,4,68,20,15,100,50,0,0,0,0,0,0,0,0,0,0,16,1024,0,3,50,30,20,1,1,5,1567,275,23,0,0,17,0,15,11,1,11,0,0,20,21,25,5,8,32,11,5,7,4,28,28,4
Obsidian Golemn,225,238,269,250,1,30,20,15,50,50,50,100,0,0,0,100,0,0,0,0,20,0,0,17,0,0,0,1,2,5,0,105,23,0,0,17,0,15,11,1,11,0,0,16,1,26,21,11,3,4,17,1,25,42,42,4
Red Gremlin,44,22,362,22,4,53,25,2,0,0,0,100,0,0,0,0,0,0,0,0,10,8192,0,7,0,30,10,1,4,4,25,5,6,0,0,6,0,14,12,1,12,3,0,-338,-338,-338,-1,-1,24,25,21,23,26,76,76,1
Nastrum,90,50,150,15,1,43,20,3,0,0,0,0,0,0,0,100,0,0,0,0,0,256,0,54,40,30,10,2,2,4,31,15,12,0,0,11,0,14,12,1,12,0,0,17,16,3,1,1,24,14,18,16,30,29,29,2
Centaur,92,50,297,25,1,48,20,3,0,0,0,0,0,0,50,0,0,0,0,0,0,0,0,15,40,30,10,0,2,4,1,15,15,0,0,11,0,14,12,1,12,169,85,18,1,23,16,9,4,5,9,14,3,65,65,2
Satyr,108,81,151,35,1,48,20,4,0,0,0,0,0,0,0,0,0,0,0,0,0,0,0,25,40,30,10,2,3,4,31,35,12,0,0,12,0,14,12,1,12,0,0,1,-1,8,1,19,3,26,16,32,1,65,65,2
Orange Gremlin,88,44,363,44,4,53,25,4,0,0,0,100,0,0,0,0,0,0,0,0,10,10241,0,7,0,35,15,1,4,4,153,25,8,0,0,7,0,16,12,1,12,0,0,-339,-339,-339,-1,-1,1,20,16,14,17,76,76,1
Sistrum,145,112,152,45,1,43,20,5,0,0,0,0,0,0,0,100,0,0,0,0,0,256,0,50,40,30,10,2,2,4,31,55,17,0,0,13,0,13,12,1,12,0,0,16,22,8,11,15,18,5,-1,15,22,29,29,2
Cockatrice,128,100,153,25,1,34,20,5,0,0,0,0,0,0,0,100,0,0,0,0,0,256,0,3,40,30,20,2,4,4,31,55,15,0,0,13,0,16,12,1,12,0,0,13,-294,11,0,14,-1,16,-294,16,2,52,52,2
Minotaur,247,243,347,640,1,64,85,6,0,0,0,0,0,0,0,0,0,0,0,0,31,1025,0,0,0,10,95,2,1,7,31,139,33,0,0,22,0,25,12,1,12,0,0,6,7,3,25,32,28,31,21,30,23,52,52,3
Yellow Gremlin,132,66,364,66,4,53,25,6,75,75,0,100,0,0,0,0,0,0,0,0,10,8192,3,7,0,40,20,1,4,4,153,45,10,0,0,8,0,18,12,1,12,0,0,-340,-340,-340,-1,-1,28,31,21,30,25,76,76,1
Mostrum,193,138,154,65,2,43,20,7,0,0,0,0,0,0,0,100,0,0,0,0,0,256,0,50,40,30,20,1,3,4,31,60,15,0,0,15,0,16,12,1,12,0,0,4,6,14,10,17,14,16,24,18,17,29,29,2
Morey Bilk,87,500,155,45,1,80,20,7,0,0,0,0,0,0,0,100,0,0,0,0,9,256,0,3,40,30,20,1,3,4,31,95,15,0,0,15,0,22,12,1,12,0,0,3,8,22,32,18,17,28,11,14,2,52,52,2
Grostrum,226,150,156,95,2,43,20,8,0,0,0,0,0,0,0,100,0,0,0,0,0,256,0,42,40,30,20,1,2,4,31,85,18,0,0,16,0,18,12,1,12,0,0,15,11,5,10,3,16,18,16,8,3,29,29,2
Green Gremlin,176,88,365,88,4,53,25,8,0,0,75,100,0,0,0,0,0,0,0,0,26,9280,0,7,0,45,25,1,4,4,665,65,12,0,0,9,0,20,12,1,12,0,0,-348,-348,-348,-1,-1,3,11,9,15,13,76,76,1
Tazen,213,188,211,150,1,39,20,10,0,0,0,0,0,0,0,0,0,0,0,0,24,0,0,60,40,30,20,1,3,4,31,95,21,0,0,16,0,18,12,1,12,0,0,30,-1,22,3,19,19,10,11,23,13,43,43,2
Blue Gremlin,220,110,366,110,4,53,25,10,75,75,75,100,75,75,75,100,100,75,75,0,10,8192,32,7,0,50,30,1,4,4,921,85,14,0,0,10,0,22,12,1,12,0,0,-342,-342,-342,-1,-1,32,18,19,16,17,76,76,1
Griffin,350,350,400,500,4,41,75,11,75,75,25,0,75,75,75,0,0,50,25,0,24,3096,0,1,0,90,75,0,1,6,2047,250,18,0,0,18,0,22,12,1,12,152,78,13,6,21,32,16,26,33,3,16,7,76,76,4
Golden Centaur,274,250,283,185,2,48,20,12,0,0,50,0,50,0,50,100,0,0,0,0,16,0,0,46,40,30,20,0,4,4,31,125,21,0,0,17,0,19,12,1,12,3,0,13,22,3,10,8,32,9,24,3,16,65,65,2
Purple Gremlin,264,132,367,132,4,53,25,12,0,0,0,100,0,0,0,0,0,0,0,0,14,8192,63,7,0,55,35,1,4,4,953,105,16,0,0,11,0,24,12,1,12,0,0,-343,-343,-343,-1,-1,32,23,28,31,27,76,76,1
Pariah,140,395,379,420,1,43,25,13,100,100,0,100,0,0,0,0,0,0,0,0,26,516,8,2,0,55,75,1,1,4,65,165,16,0,0,11,0,24,12,1,12,0,0,-346,-346,-347,-348,-348,-348,-348,-348,-353,-354,76,76,2
Indigo Gremlin,308,154,368,154,4,53,25,14,0,0,0,100,0,0,0,0,0,0,0,0,26,9248,0,7,0,60,40,1,4,4,1017,125,18,0,0,12,0,26,12,1,12,0,0,-344,-344,-344,-1,-1,-1,-1,-1,-1,-1,76,76,1
Ancient Guardian,306,312,264,250,2,80,20,15,50,50,50,50,0,0,50,100,0,0,0,0,17,1024,0,42,40,30,20,1,2,4,2047,175,21,0,0,16,0,18,12,1,12,3,0,15,11,6,14,14,9,8,16,8,4,33,33,2
Gorgon,900,312,265,250,3,43,20,15,0,0,0,0,0,0,0,100,0,0,0,0,16,256,0,17,40,30,20,2,2,4,351,195,21,0,0,18,0,35,12,1,12,311,156,10,17,20,25,11,7,20,16,26,30,29,29,2
Phoenix,863,513,346,622,3,18,31,16,100,50,75,50,25,25,50,25,25,25,25,0,27,8,33,8,0,50,42,0,1,7,64,421,43,0,0,23,0,24,12,1,12,0,156,3,10,9,11,13,17,16,32,2,19,17,17,3
Black Gremlin,396,792,388,308,4,67,25,16,75,75,75,100,75,75,75,75,75,75,75,0,42,11284,80,1,0,40,60,1,1,6,1017,421,22,0,0,20,0,32,12,1,12,0,156,-353,-353,-353,-354,-354,-354,-1,-1,-1,-1,76,76,1
Wererat,32,26,371,18,3,50,20,2,0,0,0,100,0,0,0,0,0,0,0,0,16,2,0,35,0,30,15,2,3,3,31,21,9,0,0,12,0,11,13,1,13,165,372,9,15,13,12,17,21,16,0,14,5,78,78,2
Wereboar,52,47,373,39,3,49,27,3,0,0,0,100,0,0,0,0,0,0,0,0,16,2,0,25,0,30,15,2,2,3,31,36,13,0,0,12,0,11,13,1,13,168,84,15,19,6,20,31,11,3,29,8,29,79,79,2
Shape Shifter,88,88,157,30,1,76,20,4,0,0,0,0,0,0,0,0,0,0,0,0,16,0,0,54,40,20,10,2,2,4,31,30,12,0,0,12,0,16,13,1,13,0,0,16,7,1,14,16,16,25,1,11,32,30,30,2
Altering Beast,116,125,158,50,2,39,20,5,0,0,0,0,0,0,0,0,0,0,0,0,19,0,0,33,40,20,10,2,2,4,159,50,14,0,0,13,0,17,13,1,13,0,0,10,19,20,4,-1,1,16,16,29,8,30,30,3
Trancor,128,112,159,45,1,16,20,5,0,0,0,0,0,0,0,0,0,0,0,0,0,0,0,54,40,20,10,1,4,4,159,45,14,0,0,13,0,15,13,1,13,0,0,9,18,29,9,1,9,5,7,4,4,43,43,2
Doppleganger,120,150,160,85,1,14,20,6,0,50,25,0,45,0,100,0,0,0,0,0,17,0,0,8,40,20,10,2,2,4,1567,65,17,0,0,14,0,17,13,1,13,0,0,22,22,6,9,20,4,4,7,30,20,30,30,2
Malencor,163,138,161,85,2,16,20,7,0,50,25,0,45,0,0,0,0,0,0,0,1,0,0,42,40,20,10,1,4,4,959,65,15,0,0,15,0,15,13,1,13,0,0,14,11,21,21,9,22,17,4,4,11,43,43,2
Werewolf,151,157,376,104,4,39,25,8,0,0,0,100,35,0,0,0,0,0,0,0,16,2,0,21,0,35,20,2,3,4,959,83,16,0,0,19,0,15,13,1,13,188,375,30,31,-1,32,20,3,13,29,23,16,43,18,2
Polymorph,164,156,162,125,2,39,20,9,0,50,25,0,45,0,0,0,0,0,0,0,1,0,0,42,40,20,10,1,2,4,959,95,17,0,0,17,0,16,13,1,13,327,158,7,14,13,22,1,22,28,28,6,14,55,55,2
Phase Beast,196,206,212,135,2,21,20,10,0,0,0,0,45,0,0,0,0,0,0,0,19,0,0,42,40,20,10,1,4,4,959,105,18,0,0,18,0,18,13,1,13,332,162,1,15,5,11,6,6,15,16,10,21,55,55,2
Werebear,196,206,374,189,3,5,25,11,0,0,0,100,50,0,0,0,50,0,0,0,16,1026,0,22,0,30,20,0,4,4,959,113,21,0,0,22,0,16,13,1,13,189,99,32,19,17,3,9,4,12,15,6,14,16,16,2
Displacer,217,231,284,175,3,39,20,13,0,0,100,0,0,0,0,0,0,0,0,0,1,64,0,42,40,20,10,1,3,4,959,125,17,0,0,17,0,16,13,1,13,0,158,7,20,11,14,16,17,22,1,-1,29,55,55,2
Life Shifter,282,306,272,250,2,21,20,15,25,50,25,0,45,0,25,0,0,0,0,0,0,64,4,42,40,20,10,1,4,4,959,135,23,0,0,18,0,21,13,1,13,0,158,26,10,28,24,31,7,11,18,11,6,55,55,2
Footpad,19,6,163,8,1,2,20,1,0,0,0,0,0,0,0,0,0,0,0,0,0,8192,0,66,60,40,5,1,2,4,11,2,9,0,0,9,0,9,14,1,14,0,0,-214,25,1,24,24,-1,-1,23,25,23,1,1,1
Gredlan Rogue,19,19,164,10,1,4,30,1,0,0,0,0,0,0,0,0,0,0,0,0,0,8192,0,66,60,40,5,1,2,4,31,2,10,0,0,9,0,10,14,1,14,0,0,-1,1,11,-1,23,25,24,23,23,23,31,31,2
Scavenger,40,56,165,16,2,4,40,2,0,0,0,0,0,0,0,0,0,0,0,0,0,8192,0,58,50,30,10,1,2,4,31,7,11,0,0,10,0,15,14,1,14,0,0,13,9,-1,24,7,19,1,29,4,3,31,31,2
Cutthroat,70,50,166,25,3,2,75,2,0,0,0,0,0,0,0,0,0,0,0,0,0,11265,0,3,80,70,60,2,1,4,31,20,11,0,0,10,0,15,14,1,14,1,0,4,19,20,25,21,-214,3,8,-14,-13,1,31,1
Thug,86,81,167,30,2,2,50,3,0,0,0,0,0,0,0,0,0,0,0,0,0,8192,0,33,50,45,25,2,3,4,31,25,11,0,0,11,0,16,14,1,14,0,0,15,10,4,-1,4,12,15,20,1,5,1,1,1
Pickpocket,137,19,298,30,2,83,60,3,0,0,0,0,0,0,0,0,0,0,0,0,0,8192,0,8,50,45,25,2,2,4,31,25,10,0,0,11,0,18,14,1,14,0,0,29,10,27,5,9,1,16,15,20,0,1,1,1
Cutpurse,100,100,168,45,2,4,60,4,0,0,0,0,0,0,0,0,0,0,0,0,0,10240,0,46,50,45,25,1,5,4,543,40,11,0,0,12,0,16,14,1,14,1,0,15,11,17,1,15,0,15,9,32,22,31,31,2
Shralar Thief,128,125,169,55,2,45,70,5,0,0,0,0,0,0,0,0,0,0,0,0,0,10240,0,33,40,30,15,2,2,4,671,50,14,0,0,13,0,18,14,1,14,0,0,11,14,3,20,27,4,9,28,2,8,31,31,2
Robber,146,150,170,70,2,4,70,6,0,0,0,0,0,0,0,0,0,0,0,0,0,10240,0,50,40,30,10,1,2,4,1951,60,15,0,0,14,0,18,14,1,14,0,0,-1,16,25,26,20,3,16,17,12,3,31,31,2
Burgler,193,162,171,95,2,4,75,7,0,0,0,0,0,0,0,0,0,0,0,0,0,10240,0,25,50,45,25,1,3,4,959,70,15,0,0,15,0,19,14,1,14,0,0,8,22,-1,1,4,9,8,1,6,5,31,31,2
Gredlan Footpad,163,62,172,95,2,2,75,7,0,0,0,0,0,0,0,0,0,0,0,0,0,10240,0,50,40,30,10,2,3,4,683,75,14,0,0,15,0,19,14,1,14,0,0,20,3,16,30,12,26,17,15,4,0,31,31,2
Hooded Thief,175,98,348,172,4,2,85,7,75,75,0,0,0,0,0,0,0,0,0,0,27,14336,0,0,0,30,75,1,1,6,683,125,18,0,0,15,0,26,14,1,14,2,0,-13,-329,-329,-284,8,12,14,20,-1,-1,31,31,2
Pilferer,176,144,173,125,2,4,80,8,0,0,0,0,0,0,0,0,0,0,0,0,0,10240,0,25,30,20,10,1,3,4,959,70,17,0,0,16,0,19,14,1,14,0,0,1,23,19,11,16,1,17,11,18,13,31,31,2
Brigand,191,169,285,145,2,45,80,9,0,0,0,0,0,0,0,0,0,0,0,0,0,10240,0,42,30,20,10,1,3,4,959,85,18,0,0,16,0,19,14,1,14,0,0,8,28,20,20,5,23,17,29,4,12,31,31,2
Thief,213,200,213,165,2,4,80,10,0,0,0,0,0,0,0,0,0,0,0,0,0,10240,0,33,30,20,10,1,3,4,959,95,20,0,0,16,0,20,14,1,14,0,0,13,14,32,29,22,9,15,6,29,28,31,31,2
Red-Cloaked Thief,265,188,234,185,1,57,80,12,0,0,0,0,0,0,0,0,0,0,0,0,0,10240,0,3,30,20,10,1,2,4,959,105,21,0,0,18,0,22,14,1,14,0,0,21,26,3,4,0,29,1,23,16,2,31,31,2
Master Thief,350,262,254,210,2,45,90,14,0,0,0,0,0,0,0,0,0,0,0,0,0,10240,0,46,30,20,10,1,4,4,959,135,21,0,0,18,0,24,14,1,14,0,0,22,12,17,6,16,28,16,16,1,4,31,31,2
Master of Shadows,800,312,267,500,4,57,95,15,0,0,0,0,0,0,0,0,0,0,0,0,0,10240,0,8,30,20,10,1,1,5,2047,175,26,0,0,20,0,40,14,1,14,353,254,9,21,11,12,8,16,3,5,3,8,31,31,2
Enchanter,19,31,174,15,1,13,20,1,0,0,0,50,0,0,25,0,0,0,0,0,3,0,24,66,60,40,10,0,2,4,31,10,10,0,0,9,0,10,15,1,15,0,0,-232,17,25,1,4,-1,26,24,-199,-213,32,32,2
Charmer,36,41,378,23,1,13,20,2,0,0,0,50,0,0,25,0,0,0,0,0,3,0,24,58,60,35,15,0,2,4,31,15,10,0,0,9,0,12,15,1,15,0,0,12,17,25,1,4,-1,26,24,-199,-210,32,32,2
Conjurer,49,50,175,30,1,13,20,3,0,0,0,50,0,0,25,0,0,0,0,0,1,0,88,54,40,30,20,1,4,4,31,20,9,0,0,11,0,13,15,1,15,0,0,23,26,12,25,21,14,16,24,-256,-199,32,32,2
Element Mage,88,81,299,55,2,66,20,4,100,100,100,0,100,100,0,100,100,100,100,0,1,0,32,3,70,60,50,1,1,4,1793,40,11,0,0,13,0,15,15,1,15,0,0,4,14,26,24,19,12,2,1,12,23,66,66,2
Sorcerer,65,75,176,40,1,65,20,5,0,0,0,25,0,0,25,50,50,50,50,0,1,0,39,54,40,30,20,2,5,4,671,40,9,0,0,13,0,14,15,1,15,0,0,17,22,8,4,12,24,20,25,12,22,32,32,2
Spell Binder,77,112,177,45,2,80,20,7,0,0,0,25,0,0,25,50,50,50,50,0,11,0,88,54,40,30,20,0,6,4,1855,65,9,0,0,15,0,16,15,1,15,0,0,16,21,14,4,12,1,26,23,25,12,32,32,2
Warlock,106,150,178,65,1,13,20,7,0,0,0,25,0,0,25,50,50,50,50,0,19,0,55,8,40,30,20,2,3,4,927,85,9,0,0,15,0,18,15,1,15,0,0,8,22,29,1,28,17,12,12,16,24,32,32,2
Demonist,146,260,351,175,4,65,35,7,50,50,50,25,50,50,50,50,50,50,50,0,27,0,127,0,0,30,80,2,1,5,927,119,9,0,0,15,0,18,15,1,15,78,38,-331,-331,-217,2,8,17,30,12,16,21,32,40,2
Illusionist,100,200,179,85,2,66,20,8,0,0,0,90,0,0,50,50,50,50,50,0,19,0,88,46,30,20,10,1,3,4,2033,85,9,0,0,16,0,19,15,1,15,0,0,32,27,29,4,8,25,1,12,12,23,32,32,2
Apparitionist,112,225,180,95,2,13,20,9,0,0,0,90,0,0,50,50,50,50,50,0,19,0,88,25,30,20,10,2,4,4,2033,105,9,0,0,17,0,19,15,1,15,0,0,21,25,32,16,12,30,4,12,23,20,32,32,2
Wizard,178,275,227,135,2,80,20,11,0,0,0,90,0,0,50,50,50,50,50,0,17,0,89,25,30,20,10,1,2,4,2033,125,12,0,0,18,0,20,15,1,15,0,0,18,21,29,23,26,1,12,-256,16,30,32,32,2
Illusion Master,201,312,240,150,2,66,20,13,0,0,0,90,0,0,50,50,50,50,50,0,27,0,72,25,30,20,10,2,4,4,2033,145,12,0,0,18,0,20,15,1,15,364,180,1,14,25,18,21,12,28,12,4,20,32,32,2
Mage,217,331,253,165,2,13,20,14,0,0,0,90,0,0,50,50,50,50,50,0,17,0,88,42,30,20,10,0,4,4,2033,200,12,0,0,17,0,19,15,1,15,0,0,31,32,1,12,26,4,16,2,12,29,32,32,2
Magi Lord,225,625,266,850,3,69,20,15,0,0,0,90,0,0,50,50,50,50,50,0,27,0,127,7,30,20,10,2,1,4,2033,650,21,0,0,18,0,23,15,1,15,367,253,12,2,1,30,21,27,25,30,4,12,32,32,2
Mind Twister,70,438,268,350,1,65,20,15,0,0,0,90,0,0,50,50,50,50,50,0,47,0,8,3,60,60,60,2,2,4,1,150,9,0,0,17,0,19,15,1,15,3,0,16,2,26,12,14,12,8,20,1,31,32,32,2
Rowdy,28,19,349,18,1,37,20,1,0,0,0,0,0,0,0,0,0,0,0,0,0,0,0,25,40,20,5,1,2,2,15,3,10,0,0,9,0,7,16,1,16,2,0,-212,15,1,7,3,8,13,25,16,3,33,33,2
Pinyl,58,56,181,30,2,14,20,2,0,0,0,0,0,0,0,0,0,0,0,0,0,0,0,66,40,20,10,1,2,4,31,10,11,0,0,10,0,10,16,1,15,0,0,9,3,11,17,4,23,15,25,14,20,33,33,2
Warrior,85,81,182,35,2,3,20,2,0,0,0,0,0,0,0,0,0,0,0,0,0,0,0,30,40,20,10,1,2,4,31,12,14,0,0,10,0,10,16,1,16,371,181,7,13,11,11,14,6,20,-212,8,17,33,33,2
Swashbuckler,159,125,183,65,2,73,20,3,0,0,0,90,0,0,90,0,0,0,0,0,16,1024,0,3,90,80,70,1,1,4,31,30,15,0,0,11,0,14,16,1,16,0,0,21,14,9,25,22,14,5,14,30,26,33,33,2
Soldier,114,94,294,45,2,3,20,3,0,0,0,0,0,0,0,0,0,0,0,0,0,0,0,66,60,40,15,1,2,4,31,25,14,0,0,12,0,13,16,1,16,0,0,13,1,30,5,26,4,14,5,17,23,33,33,2
Rashart,131,88,184,45,2,14,20,4,0,0,0,0,0,0,0,0,0,0,0,0,0,0,0,50,40,30,10,2,3,4,31,27,14,0,0,12,0,14,16,1,16,0,0,6,0,8,20,14,5,32,13,10,3,33,33,2
Slayer,108,100,185,55,2,14,20,4,90,90,90,90,0,0,90,0,0,0,0,0,16,1024,0,25,50,40,20,2,2,4,31,27,14,0,0,12,0,14,16,1,7,176,88,19,-1,15,15,1,6,3,11,5,8,33,33,2
Bushart,128,125,186,50,1,73,20,5,0,0,0,0,0,0,0,0,0,0,0,0,0,0,0,8,40,30,10,2,2,4,159,40,15,0,0,13,0,14,16,1,16,0,0,14,32,7,0,14,1,29,24,5,27,33,33,2
Courrier,128,125,187,70,1,3,20,5,0,0,0,0,0,0,0,0,0,0,0,0,0,1024,0,50,35,25,5,2,2,4,1567,40,15,0,0,13,0,16,16,1,16,0,0,20,20,3,10,19,5,-1,1,28,14,33,33,2
Gladiator,160,150,188,90,2,3,20,6,0,25,25,0,0,0,0,0,0,0,0,0,16,1024,0,25,50,40,20,1,2,4,415,60,17,0,0,14,0,16,16,1,16,0,0,17,22,16,30,17,28,9,8,27,10,33,33,2
Barbarian,100,125,189,75,2,37,20,6,0,0,0,0,0,0,0,0,0,0,0,0,0,0,0,50,45,15,5,2,2,4,415,55,15,0,0,14,0,16,16,1,0,0,0,11,16,8,15,16,1,3,19,18,16,4,4,2
Champion,293,269,190,125,3,72,20,6,0,0,0,0,0,0,0,0,0,0,0,0,17,1024,0,3,50,40,30,1,1,4,1051,85,18,0,0,14,0,17,16,1,16,0,0,1,25,25,9,13,14,20,3,21,23,33,33,2
Bushido,163,156,191,125,2,14,20,7,0,0,0,50,0,0,0,0,0,0,0,0,0,3072,0,50,25,5,0,1,3,4,443,65,17,0,0,15,0,15,16,1,16,0,0,16,1,22,30,13,20,9,19,11,5,33,33,2
Butcher,347,230,350,230,3,25,35,7,0,0,0,50,0,0,0,0,0,0,0,0,16,3072,0,0,0,25,75,1,1,5,955,105,26,0,0,19,0,20,16,1,16,381,190,-20,-72,-330,-330,3,20,17,11,10,15,33,33,2
Mercenary,176,181,192,135,2,14,20,8,0,0,0,0,0,0,0,0,0,0,0,0,0,0,0,50,40,20,10,2,2,4,443,75,18,0,0,16,0,16,16,1,16,0,0,9,7,32,14,16,3,7,16,29,16,33,33,2
Sentinal,176,231,193,156,3,3,30,8,25,25,25,50,0,0,50,0,0,0,0,0,24,1024,0,8,50,40,20,1,2,4,443,85,18,0,0,16,0,16,16,1,16,0,0,1,-1,16,6,14,13,8,25,16,16,33,33,2
Ninja,175,315,352,333,2,25,30,8,0,0,0,0,0,0,0,0,0,0,0,0,25,3072,0,8,50,40,20,2,1,4,959,180,33,0,0,19,0,30,16,2.3,16,3,0,0,0,17,12,16,3,27,14,23,-1,74,74,2
Swordsman,225,219,194,175,2,3,30,9,0,0,0,0,0,0,0,0,0,0,0,0,0,1024,0,25,50,40,20,1,2,4,651,105,21,0,0,17,0,18,16,1,16,0,0,6,28,26,0,7,9,3,20,15,10,33,33,2
Holy Warrior,381,262,214,250,2,71,30,10,50,50,50,0,0,0,0,0,0,0,0,0,1,1024,0,25,50,40,20,1,1,4,927,125,24,0,0,18,0,20,16,1,16,0,0,25,9,17,5,15,3,11,14,10,22,77,77,2
Defender,247,238,215,195,2,3,30,10,0,25,25,0,0,0,0,0,0,0,0,0,0,1024,0,46,50,40,20,1,3,4,651,115,21,0,0,17,0,18,16,1,16,3,0,-1,10,32,3,19,17,23,31,20,6,33,33,2
Master Ninja,111,413,353,666,3,25,30,11,0,0,0,0,0,0,0,0,0,0,0,0,25,3072,0,6,50,40,20,2,1,4,923,250,33,0,0,21,0,35,16,2.7,16,1,0,0,0,32,8,3,17,14,29,-1,-1,74,74,2
Hero,265,288,232,225,2,3,30,12,0,0,0,0,0,0,0,0,0,0,0,0,0,1024,0,42,50,40,20,1,3,4,651,135,23,0,0,18,0,19,16,1,16,0,0,16,8,32,17,16,3,2,7,1,7,33,33,2
Elven Lord,506,375,230,400,4,71,30,13,25,25,25,25,0,0,25,0,0,0,0,0,25,1024,0,3,50,40,20,1,1,5,651,175,25,0,0,20,0,22,16,1,16,21,7,16,14,31,16,30,6,-283,3,29,19,77,33,1
Master Swordsman,298,312,241,250,3,3,30,13,0,0,0,0,0,0,0,0,0,0,0,0,0,1024,0,42,50,40,20,1,2,4,651,145,23,0,0,18,0,19,16,1,16,0,0,3,15,23,31,5,15,1,22,10,8,33,33,2
Guardsman,347,344,263,275,2,37,30,15,0,0,50,0,0,0,50,0,0,0,0,0,9,1024,0,60,20,10,5,1,4,4,651,150,21,0,0,17,0,18,16,1,16,3,0,1,16,16,8,30,27,16,19,14,14,33,33,2
Warlord,755,550,274,350,4,72,75,15,0,0,0,0,0,0,0,0,0,0,0,0,25,1024,0,25,50,40,40,1,1,5,651,275,31,0,0,23,0,22,16,1,16,1,0,20,13,16,5,1,3,8,10,6,3,77,33,3
Shadow Ninja,1500,625,307,999,4,25,30,16,0,0,0,0,0,0,0,0,0,0,0,0,25,3072,0,8,50,40,20,2,1,5,2047,450,55,0,0,23,0,40,16,3,16,0,0,9,29,-1,23,21,20,-1,24,8,0,74,74,2
Namana,11,4,316,7,1,51,20,1,50,0,0,100,0,0,0,0,0,0,0,0,0,3,0,25,60,55,45,2,2,4,31,8,9,0,0,0,0,7,17,1,17,0,0,7,3,8,27,21,25,26,23,-1,23,89,16,2
Dungeonweed,75,1,324,150,1,52,0,2,0,0,0,100,0,0,0,0,0,0,0,0,0,1024,0,4,0,0,0,2,1,4,31,50,9,0,0,0,0,1,17,1,17,0,0,-1,-1,-1,-1,-1,-1,-1,-1,-1,-1,90,90,2
Nakovant,50,45,317,35,2,51,20,3,0,0,0,0,0,0,0,0,0,0,0,0,0,3,0,15,0,65,35,1,2,4,15,27,12,0,0,0,0,9,17,1,17,0,0,25,2,7,8,-1,3,0,32,0,27,89,16,3
Strangleweed,100,45,329,23,1,52,20,5,0,100,0,100,0,0,0,0,100,100,0,0,0,1025,0,4,0,65,35,1,8,4,15,27,10,0,0,0,0,1,17,1,17,1,0,25,2,7,8,-1,3,0,32,0,27,92,16,3
Nabutu,150,160,318,75,3,51,20,6,0,0,0,0,0,0,0,0,0,0,0,0,0,3,0,35,40,75,25,2,2,5,15,60,14,0,0,0,0,12,17,1,17,0,0,3,19,31,21,26,29,4,0,-1,30,89,18,2
Gibbering Yethwa,150,0,396,500,1,58,20,7,0,0,0,0,0,0,0,0,0,0,0,0,0,2048,0,2,0,75,25,0,1,6,15,240,14,0,0,0,0,12,17,1,17,0,0,25,5,26,1,7,33,28,6,5,7,80,80,5
NaLanea,181,246,319,95,3,51,20,8,0,0,0,0,0,0,0,0,0,0,0,0,0,7,0,5,40,35,60,1,1,5,15,91,14,0,0,0,0,8,17,1,17,1,0,20,21,24,9,-1,14,11,23,23,14,89,18,2
T'Mana,243,258,320,125,4,51,20,11,0,0,0,0,0,0,0,0,0,0,0,0,0,7,0,25,40,20,50,2,3,5,15,104,15,0,0,0,0,10,17,1,17,1,0,20,24,17,26,20,25,-1,14,21,31,89,17,3
T'Kovant,270,268,321,175,4,51,20,13,0,0,0,0,0,0,0,0,0,0,0,0,0,1027,0,15,40,20,45,1,2,5,15,123,16,0,0,0,0,13,17,1,17,0,0,29,24,28,20,23,18,26,2,3,-1,89,18,4
T'Butu,292,330,322,215,4,51,20,15,0,0,0,0,0,0,0,0,0,0,0,0,0,1031,0,25,40,20,40,1,2,6,47,142,18,0,0,0,0,9,17,1,17,1,0,27,21,20,-1,13,29,6,18,11,15,89,16,4
T'Lanea,450,333,323,425,4,51,75,16,100,100,100,100,100,0,100,100,100,100,100,0,40,3207,32,5,40,35,15,1,1,6,0,160,25,0,0,0,0,11,17,1,17,1,0,30,19,15,-1,4,21,20,18,15,10,89,89,2
